Key,English,Simplified_Chinese
PROPQUEST_SCENARIO_INC_000299,Prologue,序 -疑问的开始-
PROPQUEST_SCENARIO_INC_000304,Questioning,疑问的开始
PROPQUEST_SCENARIO_INC_000305,"Hmm... What should I do? Hey, can you help me?",呃……我该怎么办？嘿，你能帮帮我吗？
PROPQUEST_SCENARIO_INC_000306,"I have been worried for so long, I know I must look a mess. It is good to have a friendly ear to turn to.",真的很感谢你啊~其实，最近有一件事情让我很烦恼，皮肤也变的很差..
PROPQUEST_SCENARIO_INC_000307,"I am studying recent history, but it is really hard. So would you please help me? Please?",我最近啊~在研究一个历史..可是好难喔..可以帮我一下吗?
PROPQUEST_SCENARIO_INC_000308,Really? Wow! Thanks a lot! Please go to the office and deliver my application for a scholarship. Thank you.,哈哈哈，那请到管理所去申请研究费用，然后亲自把请款单拿去给市长吧。
PROPQUEST_SCENARIO_INC_000309,What? Awww I knew it was too good to be true.,哎唷~~好过份啊..看在我这么可爱的份上..帮我一次好吗?
PROPQUEST_SCENARIO_INC_000310,"Oh, it seems like Martinyc is too busy to deliver her own applications.",喔，玛缇雅克这么忙啊?既然叫你把请款单拿过来..好!我知道了，帮我告诉他，研究费用我会付支给他。
PROPQUEST_SCENARIO_INC_000311,May I help you? You want to fill out an application? The form is on the right side of the office.,有什么事吗?喔~你说你要填写请款单啊..请款单在管理所的后面..
PROPQUEST_SCENARIO_INC_000312,Go to the office and deliver a scholarship application to the Mayor.,请到管理所填写请款单的内容之后，把这个内容拿给市长看吧!
PROPQUEST_SCENARIO_INC_000314,Cracked Continent,大陆分裂的理由
PROPQUEST_SCENARIO_INC_000315,"Thank you very much for your help! I received plenty of money to study history thanks to you. Listen, it looks like all of the data about Madrigal is distorted.",研究费用已经收到了!我发现一个很可疑的事情耶..我跟你说喔..关于瑞加大陆的历史纪录，好像不太对耶..
PROPQUEST_SCENARIO_INC_000316,I have been studying Madrigal history apart from the History Society and it seems that they do not want to correct the distorted history in these books.,有很多可疑的地方呢..不知道为什么历史协会的人知道此事实也不会想去修改..所以我就自己调查了一下喔~
PROPQUEST_SCENARIO_INC_000317,The other day I was almost killed by renegade Blades but I cannot stop now. No matter what the History Society wants.,有一天，我差一点被杀了呢~~那时候我才知道，历史协会的人为什么不去修改了。可是，我绝对不会在这里放弃。
PROPQUEST_SCENARIO_INC_000318,"I will find out the true history of Madrigal, I have to. Would you please help me? The danger for you could be great however.",我一定要查出瑞加大陆真正的过往。能请你帮帮我吗？不过，这可能会给你带来极大的危险。
PROPQUEST_SCENARIO_INC_000319,Will you help me regardless of the danger?,这样你也会为了正义来帮我吗?
PROPQUEST_SCENARIO_INC_000320,"I knew you would! First, bring me 5 rocks from each of the 3 inhabited continents. Each continent has an Altar, bring me the rocks from each of these.",果然，我没有看错人。首先3个大陆里，有古代的祭团。请帮我到各大陆的祭团，找5个岩石回来。
PROPQUEST_SCENARIO_INC_000321,Thanks for listening to me anyway. I understand if you are unwilling to risk your life.,嗯..你觉得不值得为这种事情牺牲生命啊..那就没办法了~我去找其他人来帮我好了!
PROPQUEST_SCENARIO_INC_000322,Hmm... This is exactly what I expected. I will study these some more but before you go please...,嗯……这正是我所期望的。我会再研究一下这些，但在你离开之前，请...
PROPQUEST_SCENARIO_INC_000323,"...you should be very, very careful. I am almost sure that the assassins that tried to kill me will come after you.",...你应该非常非常小心。我几乎可以肯定，试图杀死我的刺客会来找你。
PROPQUEST_SCENARIO_INC_000324,"Please bring me 5 rocks from each continent - Flaris, Darkon, and Saint Morning. Good luck!",帕里、达肯、晨光到这3个大陆的祭团，找5个岩石回来，拜托你了!
PROPQUEST_SCENARIO_INC_000325,There are ancient altars on each continent. Please bring me 5 rocks from each contient.,3个大陆里，有古代的祭团。请帮我到各大陆的祭团，找5个岩石回来。
PROPQUEST_SCENARIO_INC_000327,Plot Begins,阴谋的开始
PROPQUEST_SCENARIO_INC_000328,"This is evidence that the continents were once one land mass. I am trusting you with this information because, well...",这证明大陆曾经是一整块陆地。我把这些信息托付给你，因为……
PROPQUEST_SCENARIO_INC_000329,...we are in the same boat now. We are in danger together. Would you go through with me to the end?,……我们现在是同一条船上的人了。我们共同面临危险。你愿意和我一起走到最后吗？
PROPQUEST_SCENARIO_INC_000330,Okay. Now please deliver this to Gothante. He is the chairman of the History Society in Saint City. Do not forget to be aware of the assasins.,好，现在到晨光的历史协会，找一个叫做扎森特的人之后，把这个交给他。在路上可能会遇到想要暗杀你的人，所以要多注意喔!!
PROPQUEST_SCENARIO_INC_000331,"I do not want to force you, but never forget that you are in danger.",你真的不想帮我的话，那也没办法了..但是，你要记住，你已经有危险了。
PROPQUEST_SCENARIO_INC_000332,This... This is... Bubble protect us. Martinyc has finally crossed the line. It is about time.,这……这是……波卜尔在保护我们。玛缇雅克终于越界了。是时候了。
PROPQUEST_SCENARIO_INC_000333,Thank you very much. Take this letter of recommendation and visit Hachal in Darkon 1.,非常感谢你。拿着这个推荐信去达肯1拜访哈查尔吧。
PROPQUEST_SCENARIO_INC_000334,I am sure he can help you. Take care!,那个人应该可以帮我们的!那就拜托你了..
PROPQUEST_SCENARIO_INC_000335,Do you want to know about the true history of Madrigal? Then I am the man to talk to.,想要知道历史吗?这样你就找对我了..哈哈。
PROPQUEST_SCENARIO_INC_000336,"Deliver this to Gothante, he is the Chairman of the History Society in Saint City.",到晨光的历史协会，找一个叫做扎森特的人之后，把这个交给他。
PROPQUEST_SCENARIO_INC_000338,Chapter 1 The Field of Bubble,第一章 波卜尔的平原 < 波卜尔的平原>
PROPQUEST_SCENARIO_INC_000339,Hmm? Did Gothante tell you to visit me? Why?,嗯？是扎森特叫你来见我的吗？为什么？
PROPQUEST_SCENARIO_INC_000340,"Oh, I see. Iblis watch over me, what is this information!? Who could have dug up this much of the past? Only one person?",嗯，是高潭提拉的签名没有错。啊..!这个是!!
PROPQUEST_SCENARIO_INC_000341,Martinyc of course. She has finally done what we all knew she would. She does not fear death like she should. The young are too fearless these days.,这..这是玛缇雅克，这个人终于闯祸了。他以为他有几条命啊!!
PROPQUEST_SCENARIO_INC_000342,Aw well we all knew that the true history of Madrigal would be discovered eventually. And we all knew that Martinyc would be the one to uncover it.,可是，这才是杰作啦!瑞加终于要露出它的真相了。
PROPQUEST_SCENARIO_INC_000343,By the way... Are you going to continue with this?,好!这个就这样吧!你还要继续做下去吗?
PROPQUEST_SCENARIO_INC_000344,Good. We will go to the Field of Bubble. There is more evidence to be found there. Hurry.,好吧，你知道波卜尔的平原吧?我看了这些之后才想到的，你到那边的话，或许可以找到一些线索..快去吧!
PROPQUEST_SCENARIO_INC_000345,"What? No, you cannot stop now. You have come so far.",你这个人不能在这里放弃啦!你已经变成这件事情的关键人物了..再仔细的考虑一下吧。
PROPQUEST_SCENARIO_INC_000346,Ahhh you are here finally. Give me the data and letter of recommendation.,现在才到啊?可能我太早来了，先把资料跟推荐书拿来给我看一下。
PROPQUEST_SCENARIO_INC_000347,This place is very strange... Hmm... Field of Bubble... What do you think about it?,这地方很奇怪……嗯……波卜尔平原……你怎么看？
PROPQUEST_SCENARIO_INC_000348,"You know the Field of Bubble, right? I think we can find some evidence there. Lets go! Hurry up!",你知道波卜尔的平原吧?我看了这些之后才想到的，你到那边的话，或许可以找到一些线索..快去吧!
PROPQUEST_SCENARIO_INC_000350,Chapter 1: Field of Bubble: The Strange Pattern,第一章 波卜尔的平原 <诡异的纹样>
PROPQUEST_SCENARIO_INC_000351,Before you showed up I took a look around and found something strange to the North. The ground was dug up and...,你出现之前我转了一圈，发现北边有点不对劲。地面被人翻过了，而且……
PROPQUEST_SCENARIO_INC_000352,...it looked like some kind of pattern. I could get a close look at it because it was surrounded .,……看起来像是某种图案。我能凑近观察，因为它被包围着……
PROPQUEST_SCENARIO_INC_000353,Strange fellows were hanging around there. I think they were defending something. There was no way I could have fought them off.,因为有一些很奇怪的家伙在那边徘徊，我又不会打架..所以没有仔细的看到啦。
PROPQUEST_SCENARIO_INC_000354,Would you check? I am sure they are no match for you.,你要不要去试试看啊?我想如果是你的话，应该可以对付他们。
PROPQUEST_SCENARIO_INC_000355,Great! I am sure that there is something to that pattern. Check it closely and bring me what you find.,好，我觉得啊，仔细的看看那个纹样的话，应该会看到什么线索，仔细的观察之后，如果有看到什么东西的话，一定要拿过来给我啊。
PROPQUEST_SCENARIO_INC_000356,Are you really ready to give up? I cannot force you but think about the future.,真的要在这里放弃吗?如果你想放弃的话，我也没办法了..只担心你的前途啦..哎..
PROPQUEST_SCENARIO_INC_000357,Oh! This! The legend is... Martinyc was right! Oh... What should we do now... Iblis watch over me!,啊！这是！这是那传说中的...原来玛缇雅克说的都是真的！
PROPQUEST_SCENARIO_INC_000358,Were those fellows too strong for you? Bring more people with you and continue checking. I am not strong enough to help you with them.,他们果然不是好对付的啊..连你都打不过他们，你要不要去组剧团试试啊?
PROPQUEST_SCENARIO_INC_000359,I am sure we can find out something by checking the pattern. Please check it carefully and bring me whatever you get.,仔细的看看那个纹样的话，应该会看到什么线索，仔细的观察之后，如果有看到什么东西的话，一定要拿过来。
PROPQUEST_SCENARIO_INC_000361,Chapter 1: Field of Bubble: The Violet Magician Troupe,第一章 波卜尔的平原 <紫色的魔法团>
PROPQUEST_SCENARIO_INC_000362,Hmm... I checked the cloth piece you brought me. It seems like the pattern on the cloth piece is the same as the one I saw on the ground.,嗯……我检查了你带给我的布片。看起来布片上的图案和我在地上看到的一样。
PROPQUEST_SCENARIO_INC_000363,"However, there is a mystrious power in this cloth piece. I will check it out some more. By the way, have you ever heard of the Magic Troupe in Purple? I found out about them by chance.",我发现这个布条里面，有一种魔法的力量，再调查一下的话，应该就会知道这是什么了。我刚刚研究的时候突然想到..有一个叫做<紫色的魔法团>..
PROPQUEST_SCENARIO_INC_000364,"I do not know the details, but I know that this group has something to do with the secrets of Madrigal.",你有听说过吗?我猜他们应该跟瑞加大陆的历史有关连性。
PROPQUEST_SCENARIO_INC_000365,I think we need more information about this Troupe. How about helping me once more? Would you do that for me?,我要查一下这个魔法团，既然你都来到这里了，可以帮我调查一下吗?
PROPQUEST_SCENARIO_INC_000366,Great! Please gather information about the Troupe and its members. You will have to fight them to get any information out of them.,好，你去帮我查一下他们的动机，我想你去猎杀他们，应该就会知道了。我先回到达肯，你到达肯来找我吧。
PROPQUEST_SCENARIO_INC_000367,You are afraid of them? I can hardly believe that. Ha ha ha.,觉得他们很恐怖所以没办法帮我啊?你真的太懦弱了吧!!这样怎么能够生存在社会上呢..哎呀..
PROPQUEST_SCENARIO_INC_000368,Hmm... That was exactly what I thought... Now go back and take a rest. But please visit me again later. Thank you very much.,嗯……我就是这么想的……现在回去休息一下。但请等下再来找我。非常感谢。
PROPQUEST_SCENARIO_INC_000369,Was it too much for you? Ah...but we need information about them.,有点麻烦吗?可是我觉得没有一些关于他们的东西的话，我怕很难追查下去呀..
PROPQUEST_SCENARIO_INC_000370,Fight them to get information from them. I will meet you in Darken.,去帮我查一下他们的动机，我想你去猎杀他们，应该就会知道了。我先回到达肯，你到达肯来找我吧。
PROPQUEST_SCENARIO_INC_000372,Chapter 2 Hill of Shade,第二章 谢德莉丘岭 <谢德莉丘岭>
PROPQUEST_SCENARIO_INC_000373,Hey! Great timing! I have just found out about something very interesting.,你来了啊..来的正好，我有了新发现，是一个很有趣的事情呢~你问我是什么东西啊?你来看看..
PROPQUEST_SCENARIO_INC_000374,"Do you know what this is? Well, I am sure you do not but I will tell you.",就是这个..你上次拿给我的布条，还记得吧?
PROPQUEST_SCENARIO_INC_000375,This is an entire picture of the pattern we found. I found it in one of my books but it was the only picture I could find.,那个布条上的完整图片啦..我查看古代书籍的时候发现的，可是只有图片呢..
PROPQUEST_SCENARIO_INC_000376,I need your help once again. Would you do ma a favor?,我可能要再仔细的调查一下，当然需要你的帮忙，可以帮我吧?
PROPQUEST_SCENARIO_INC_000377,Take this picture. Please deliver it to Rovanett in the National Library in Saint City. You can find her at Saint Hall.,嗯，拿着这个图片，到晨光之后把这个交给在图书馆工作的鲁巴迦丽，在晨光圣教堂附近可以找到他。
PROPQUEST_SCENARIO_INC_000378,Hey we are in this together. We are all in the same boat. You would do better to help me You know that.,喂~帮我一下啦，反正我们都做在同一条船上了不是吗?
PROPQUEST_SCENARIO_INC_000379,Hmm... Is this what Hachal said? Good job. Thank you very much. Let me check.,嗯……哈查尔是这么说的吗？做得好。非常感谢。我查一下。
PROPQUEST_SCENARIO_INC_000380,History is always more interesting than current events but this is especially mysterious.,古代记录比现在的历史还要有趣，又神秘又有很多的疑惑。但是，对我来说，这个实在是太有趣了。
PROPQUEST_SCENARIO_INC_000381,Here. Take this picture. Please deliver it to Rovanett who is working in the National Library in Saint City. You can find her in Saint Hall.,拿好这个图片，晨光之后把这个交给在图书馆工作的鲁巴迦丽，在晨光圣教堂附近可以找到他。
PROPQUEST_SCENARIO_INC_000383,Chapter 2 Hill of Shade: The Great Troupe Leader.,第二章 谢德莉丘岭 <大团长豋场>
PROPQUEST_SCENARIO_INC_000384,Oh your story about the pattern reminds me of something I read in one of the ancient texts.,啊，听完这个纹样的事情之后想到了一件事情。是我在以前研究古代文书的时候发现的。
PROPQUEST_SCENARIO_INC_000385,Do you know the Hill of Shade? I found it in one of my books but have only dared to venture there once.,你知道<谢德莉丘岭>吗?突然想到，我在之前研究古代文书时，发现的一个地方，后来我去过那边。
PROPQUEST_SCENARIO_INC_000386,There is a pattern similar to the one that you saw in the Field of Bubble. Or maybe it was exactly the same. If those two patterns are the same...,有一种类似于你在波卜尔平原中看到的纹样。或者可能是完全一样的。如果这两种是一样的……
PROPQUEST_SCENARIO_INC_000387,...maybe you can also find a cloth piece over there. Would you please go and check?,...也许您也可以在那里找到一块诡异的布料。您能去看看吗？
PROPQUEST_SCENARIO_INC_000388,Thank you. Please check around for the pattern in the Hill of Shade. Oh! Please be careful because there is something very fierce over there!,谢谢你，请帮我去调查一下谢德莉丘岭的纹样，那边有很多很恐怖的怪物，所以要小心喔。
PROPQUEST_SCENARIO_INC_000389,I understand but if you ever get the chance would you please check?,好，我知道了，希望以后你可以去调查看看，真的是很重要的。
PROPQUEST_SCENARIO_INC_000390,"Iblis above, you look terrible. I appreciate your hard work. You did exceptional work. Let me compare the two cloth pieces.",嗯..你的样子怎么搞成这样了，辛苦你了!!我来跟之前的布条一起调查看看好了。
PROPQUEST_SCENARIO_INC_000391,Maybe the monster I mentioned earlier was too much for you to handle? You can try again if you wish or not up to you.,那么恐怖的东西..我想你一个人应该很难对付的，我相应该要..
PROPQUEST_SCENARIO_INC_000392,Please check around for the pattern in the Hill of Shade. Oh! Please be careful because there is something very fierce over there!,请帮我去调查一下谢德莉丘岭的纹样，那边有很多很恐怖的怪物，所以要小心喔。
PROPQUEST_SCENARIO_INC_000394,Chapter 2 Hill of Shade: History of Hardship,第二章 谢德莉丘岭 <苦难的历史>
PROPQUEST_SCENARIO_INC_000395,I finished checking the data that Hachal provided. Please deliver this to Hachal.,我已经检查过哈查尔提供的资料了。把这个带给他吧。
PROPQUEST_SCENARIO_INC_000396,I hope you will continue to be as lucky as you have been.,祝你一路顺风~
PROPQUEST_SCENARIO_INC_000397,If not you then who? No one can take this job!,…真的没办法帮我转达给他吗?
PROPQUEST_SCENARIO_INC_000398,Hmm... History of Hardship. So did he give this to you? Excellent. If he says this will be useful then I am sure it will.,嗯……真是艰辛的历史。他把这个给你了吗？太棒了。如果他说这将是有用的，那么我确信它会。
PROPQUEST_SCENARIO_INC_000399,See you later. Take care.,过几天再见吧!!
PROPQUEST_SCENARIO_INC_000400,Did Rovanett say anything? That makes no sense. Please visit her again. She must have something to say to you.,鲁巴迦丽没给你任何答案吗？不可能啊，请再去找她，她一定有些事要告诉你。
PROPQUEST_SCENARIO_INC_000401,I finished checking the data which Hachal requested. Please deliver this to Hachal.,哈查尔要我帮他调查的，我已经调查好了。你把这个交给哈查尔吧。
PROPQUEST_SCENARIO_INC_000403,Chapter 3 Purple Magician,第三章 紫色的魔法师
PROPQUEST_SCENARIO_INC_000404,Hey. It seems like the altar and Magic Troupe have something to do with...,嘿。看起来那座祭坛和魔法剧团，似乎跟……有什么关联……
PROPQUEST_SCENARIO_INC_000405,...the Purple Magician in this book. History of Hardship. Only it says that the Black Magician and the Magician in Purple are the same person. The same person that fought alongside the heroes in the Hero Wars. That does not make sense.,……这本书里写的是那位紫魔法师《苦难史》，可书上说，黑魔法师和紫魔法师根本就是同一个人。就是那个在英雄战争里与各位英雄并肩作战的人。这说不通啊。
PROPQUEST_SCENARIO_INC_000406,"It is something really unbelievable, but it is also something we should believe.",解救了这世界的黑暗魔法师是同一个人啊。真是很难相信的内容啊..可是又不能不信。
PROPQUEST_SCENARIO_INC_000407,I think this is the best I can do for now but I will never stop looking for the truth.,我可以调查的地方，可能只到这里了。但是我已经知道这个事实了，所以又不想在这里放弃。
PROPQUEST_SCENARIO_INC_000408,You! I want you to show this to someone. Can you do that right now?,你拿着这个帮我去找一个人，现在就可以帮我去找吗?
PROPQUEST_SCENARIO_INC_000409,Yes! Please deliver this to Gothante in Saint City. He is he head of the History Society.,是的，请把这个带给晨光的扎森特。他历史研究协会的负责人。
PROPQUEST_SCENARIO_INC_000410,I understand that you have other things to do. But this is very important. Come back soon.,你有其他急事啊..好吧，你先去忙好了，忙完了就要过来喔..因为这个也是很急的事情。
PROPQUEST_SCENARIO_INC_000411,Hey! Long time no see! Did you meet Hachal? What is this?,嘿！好久不见！你见过哈查尔了吗？这是什么？
PROPQUEST_SCENARIO_INC_000412,Oh... Bubble protect us! Is this true? Oh... Oh... This is too big to deal with alone.,哦……波卜尔保护了我们！这是真的吗？哦……哦……这事太重大了，一个人处理不了。
PROPQUEST_SCENARIO_INC_000413,"I am really glad to see you again, but did Hachal tell you to meet me? For what?",见到你很高兴，但是哈查尔说让你来见我了吗？是因为什么？
PROPQUEST_SCENARIO_INC_000414,Please deliver this to Gothante in Saint City.,请把这个带给晨光的扎森特。
PROPQUEST_SCENARIO_INC_000416,Chapter 3 Purple Magician: The Secret of the Altar,第三章 紫色的魔法师 <祭团的秘密>
PROPQUEST_SCENARIO_INC_000417,Hmm... I have some good theories but we are going to need more information about the altar and the Magic Troupe.,嗯……我有一些很好的理论，但我们需要更多关于祭坛和魔法团的信息。
PROPQUEST_SCENARIO_INC_000418,I think there is something in the altar. I have a strong feeling that we could find something there if we look closely enough.,我觉得祭团那边应该会有一些线索才对，仔细的去找找的话，或许会找的到吧。
PROPQUEST_SCENARIO_INC_000419,Listen. This is very important. Just stick with this until the end. Would you?,哎唷~~你到现在都一直帮我们了啊，所以这次也帮我一下吧。
PROPQUEST_SCENARIO_INC_000420,Please check the altar until you can find some evidence.,我刚刚也说过了，请你帮我去查一下紫色的剧团。不管去哪里都可以，只要帮我找到线索就好了。
PROPQUEST_SCENARIO_INC_000421,"What could be more important than this? Oh fine, just go.",除了这个还有其他更重要的事情吗?真是的..除了去厕所之外，应该没有比这个更重要的事情吧..
PROPQUEST_SCENARIO_INC_000422,Hmm... Everything is written in an ancient language. But we can translate it. Thanks.,嗯……一切都是用一种古文写成的。但我们可以翻译。谢谢。
PROPQUEST_SCENARIO_INC_000423,Please come back to me after the translation is over. Let me bring this book to the translator.,等我翻一好这本书之后再来找我吧，我要去把这本书交给翻译社了。
PROPQUEST_SCENARIO_INC_000424,"You can check all of the 3 altars, bring any evidence you find at any of them.",把3个祭团全部找一下也是可以啦，可是如果知道哪里会有线索的话，不需要多跑到其他地方了。
PROPQUEST_SCENARIO_INC_000425,Please check the altar until you find out something of importance.,请你帮我去查一下紫色的剧团。不管去哪里都可以，只要帮我找到线索就好了。
PROPQUEST_SCENARIO_INC_000427,Chapter 3 Purple Magician: A Mysterious Bead.,第三章 紫色的魔法师 <诡异的晶球>
PROPQUEST_SCENARIO_INC_000428,I have finished translating the book. The Purple Magician and the Black Magician are the same person! Just as Hachal said!,我已经翻译完这本书了，紫色魔法师和黑色魔法师是同一个人！正如哈查尔所说！
PROPQUEST_SCENARIO_INC_000429,It looks like the purple altar was made by the Magician in Purple for some kind of religious service.,可是，我发现了一件事情。那紫色的魔法师盖的紫色祭坛，好像是为了祭拜某个东西而盖的。
PROPQUEST_SCENARIO_INC_000430,It seems that they were attempting to transcend to a better existence but how?,用途是这样的啦。我觉得马特尼提特拿给我的这个布条上面形容着，它是一个超越能力的东西。
PROPQUEST_SCENARIO_INC_000431,"As always, I have a few good theories but I need more data. Always more data! I want answers now!",或许，那个超越能力的东西，就是祭拜对象。虽然还没有根据事实，所以啊..
PROPQUEST_SCENARIO_INC_000432,"Would you help me again? I can see the curiosity in your eyes, same as mine. Am I right?",可以在帮我一下吗?我看你应该也很想知道真实吧。
PROPQUEST_SCENARIO_INC_000433,Very well! Then please check the Field of Bubble and the Hill of Shade more carefully. I am really sure there is something over there!,好吧，你仔细的帮我去调查一下波卜尔的平原跟谢德莉丘岭。那边!!一定!!会有线索。
PROPQUEST_SCENARIO_INC_000434,"Fine, return to me when you get the time.",如果没有什么急事的话，先帮我处里这件事情好吗?
PROPQUEST_SCENARIO_INC_000435,Oh... What a strong magical power this bead has... Oh... What a surprise!,哦……这颗珠子是有多么强大的魔力啊……噢……太意外了！
PROPQUEST_SCENARIO_INC_000436,"Good job...But something like this is completely out of my range. Let me think for a moment. Yes, I have it!",做得好……但是这样的事情完全超出了我的能力范围。让我想一想。是的，我有了！
PROPQUEST_SCENARIO_INC_000437,Please deliver this to the Great Magician Laola in Darkon 3.,拿着这个到达肯3的艾音娜特去找大魔导士<拉宇>吧。
PROPQUEST_SCENARIO_INC_000438,I have a bad feeling about this. I have never been wrong about anything. I hope I am this time.,很难找吗?可是我真的觉得有啊，我的预感从来没错过~
PROPQUEST_SCENARIO_INC_000439,"Please, once more, check the Field of Bubble and the Hill of Shade. I am sure that there is more to be found!",仔细的帮我去调查一下波卜尔的平原跟谢德莉丘岭。那边!!一定!!会有线索。
PROPQUEST_SCENARIO_INC_000441,Chapter 3 Purple Magician: The Great Magician Laola,第三章 紫色的魔法师 <大魔导士 拉宇>
PROPQUEST_SCENARIO_INC_000442,"Oh, you are here finally. I cannot say that your arrival is entirely a surprise. I am Laola the Great Magician *cough* *cough*.",喔，你终于来了啊，我等你等很久了，我就是<拉宇>。
PROPQUEST_SCENARIO_INC_000443,"I can see in your face that you do not believe me. I guess, looking at myself, I do not look like such a Great Magician.",你不相信啊?也对啦，我这个样子..或许配不上大魔法师的称号啦。
PROPQUEST_SCENARIO_INC_000444,Magic always has a high cost and I used some terrible magic back then.,我之前练魔法的时候，学到了一个很奇怪的魔法..从那时候开始，我就要用这种样子生活到死为止，哈哈。
PROPQUEST_SCENARIO_INC_000445,"But never mind that, show me the bead you brought, I can feel its power from here.",不管怎样，你先把你拿来的东西给我看一下，是一个晶球对吧?
PROPQUEST_SCENARIO_INC_000446,"Yes, this is it. I have to check this first, so please come back to me in a minute.",对对~果然是这个东西..你等一下再来找我好吗?我要先观察一下这个东西。
PROPQUEST_SCENARIO_INC_000447,"*cough* *cough* Hey, do not be too greedy. Something that powerful could corrupt you to your core. *cough* *cough*",呵呵~年轻人..你好像对其他东西有兴趣喔~这样不太好呢..
PROPQUEST_SCENARIO_INC_000448,"Hmmm I did not know he could make something like this, but I cannot say that I am surprised.",原来..原来是这样啊..呼，真没有想到是这家伙..真没想到..
PROPQUEST_SCENARIO_INC_000449,"It is no secret why I am called the Great Magician. Though, I have learned that being a great magician, does not make you a great person. *cough*",你知道我为什么有大魔法师的称号吗?哈哈..因为啊..这是秘密..呵呵..
PROPQUEST_SCENARIO_INC_000450,"This is it. I have to check this first, so please come back to me in a minute.",对对~果然是这个东西..你等一下再来找我好吗?我要先观察一下这个东西。
PROPQUEST_SCENARIO_INC_000452,Chapter 3 Purple Magician: Identity of the Purple Magician,第三章 紫色的魔法师 <紫色魔法师的身份>
PROPQUEST_SCENARIO_INC_000453,"*cough* *cough* This bead, with all of its power, was crafted by the only pupil I ever had, Lapranche. *cough*",这个晶球是我的徒弟<拉普朗什>做的..
PROPQUEST_SCENARIO_INC_000454,She is the Black Magician. I was also the Black Magician at one point. We have often been confused for each other throughout history. *Sigh* It seems that Lapranche found out about them.,她是黑魔法师。我也曾经是黑魔法师。在整个历史中，我们经常彼此混淆。*唉* ，看来拉普朗什发现了他们的事。
PROPQUEST_SCENARIO_INC_000455,"You believe in them now right? If you are looking to me for answers about what they were, you are wasting your time. All I know is that they created all of Madrigal and that they were once agents of Rhisis.",你是想要知道关于他们的事情吗?嗯..可是我也不是很清楚..我知道的只有他们是被黎席斯神所创作出来的。
PROPQUEST_SCENARIO_INC_000456,"Yes Lapranche found out about them and attempted to bring them back to this world with the Purple Magic, the same magic that drained me of so much.",对，这家伙已经知道他是紫色的魔法，所以才对这个碰手的..我变成这个样子..也都是因为紫色的魔法而造成的..原来，所有的事情都是这样的。
PROPQUEST_SCENARIO_INC_000457,Do me a favor would you?,年轻人，我有一个事情想拜托你。
PROPQUEST_SCENARIO_INC_000459,You are afraid. I am not surprised. The world hangs in the balance. Who would not be scared? Go on. Get out of here.,嗯..连听都不听就拒绝我啊..嗯..你会害怕吗?呵呵呵。
PROPQUEST_SCENARIO_INC_000460,What a terrible... Where did they come from? Did you see them? Renegade Blades seemingly hired to kill me. It would appear that I know too much. What is that you have there?,太可怕了……他们打哪儿来的？你看见他们了？好像是「叛刃」那帮家伙受雇来取我性命的。看来我晓得太多秘密了。你那儿拿的是啥？
PROPQUEST_SCENARIO_INC_000461,"Oh, this! Is this the book that Laola wrote? Amazing",哇~这是拉宇写给我的吗?嗯..一看就知道是一个很贵重的东西了。
PROPQUEST_SCENARIO_INC_000462,"Fine. Now we can begin the real reconstruction of the history of our world. Thank you. Oh, I may need you later on. See you then.",好了，我可以拿这些东西来专心的研究了。感谢你啦~啊，我还是会请你过来一趟的，过几天再见~
PROPQUEST_SCENARIO_INC_000463,You could not find Loala? It is not like he is hiding or anything. Please try again.,见到拉宇了吗?哎呀~艾音娜特是满大的，但是，他应该不会躲起来啦，所以再去找一下吧!
PROPQUEST_SCENARIO_INC_000464,Please deliver this book to Gothante. This may not be enough to save the world but it should be useful. Thank you and good luck.,把这个东西拿去给扎森特。这是我对他们调查的一些事情，虽然不是很多的资料，可是，应该会有一点帮助啦。
PROPQUEST_SCENARIO_INC_000466,Chapter 4 Their Shadow,第四章 《他们的影子》
PROPQUEST_SCENARIO_INC_000467,"Oh, nice to see you again. I have found something based on the data you gave me. You know more than most about the Clowns at this point.",啊，你来了啊。我用你帮我找来的资料研究了下..你知道小丑吗?还是有听过他的事情吗?
PROPQUEST_SCENARIO_INC_000468,"People have been talking about them for some time now. They are known as three devils that created our continents on accident and are bent on destroying them. During the Hero War, they were said to stand against the heroes of our land.",一直以来，人们一直在谈论他们。 被称为三个恶魔的他们，在无意间创造了我们的大陆，然后又一心要摧毁它。 在英雄战争期间，据说他们与我们的英雄为敌。
PROPQUEST_SCENARIO_INC_000469,"Lapranche was there, at the end of the Hero War, she was made the slave of One of the three Clown Gods. Shade, Goddess of Evil. Shade, marrying her Godly presence to the great power of Laola, attempted to destroy Bubble, God of Good, while Iblis, God of Neutrality, watched unmoved. Bubble rallied the heroes of Madrigal and stood against Shade with the strongest army our world has ever know at her back.",拉普朗什当时在那儿——英雄战争最后，她被三大小丑神之一的『谢莉德』收作了奴隶。『谢莉德』这位邪恶女神，把自己的神力跟拉宇的强悍力量绑在一起，想灭掉善良神『波卜尔』；中立神『依普利』就在旁边看着，一动不动。『波卜尔』则聚集瑞加大陆的英雄，带着这世上从未有过的最强大军，跟『谢莉德』正面硬撼。
PROPQUEST_SCENARIO_INC_000470,"Poor Lapranche, the things she must have gone through And all this history has been distorted by the History Society. Curse them!",拉普朗什真可怜，她受的罪可想而知。结果这整段历史还被历史学会给篡改了。真该诅咒他们！
PROPQUEST_SCENARIO_INC_000471,*sigh* Would you help me return this to Martinyc. She deserves to know what she helped uncover.,反正不管怎样，你可以把这个帮我拿给玛缇雅克吗?
PROPQUEST_SCENARIO_INC_000473,"I see, you have something important to do. Would you come back to me after finishing that?",你现在有急事啊，好吧!等你忙完的再过来找我吧!
PROPQUEST_SCENARIO_INC_000474,Long time no see! Are you coming back to let me know that I was right?,啊!好久不见啊，要拿新消息给我吗?
PROPQUEST_SCENARIO_INC_000475,"Yeah! I knew it! By the way, what is that?",耶!!我就知道会这样，哈哈哈。咦?这是什么啊?
PROPQUEST_SCENARIO_INC_000476,"Oh, now I wish I had been wrong! Thank you for bringing this to me. We will see each other again. Goodbye.",嗯..啊?这是..谢谢你啦。下次应该还有机会碰面的，再见~
PROPQUEST_SCENARIO_INC_000477,Have you brought something from the History Society? No? Then are you coming back just to talk to me? I am too shy for that.,历史协会有东西要给我吗?不是啊?不然呢..因为你太想我了吗?唉唷~~讨厌啦..
PROPQUEST_SCENARIO_INC_000478,Here is all the data I have. Please deliver this to Martinyc.,把这个东西帮我拿去给玛缇雅克吧。这是我整理出来的结果。拜托你了。
PROPQUEST_SCENARIO_INC_000480,Journal of an Adventurer,冒险者日记
PROPQUEST_SCENARIO_INC_000482,Journal of an Adventurer (1),冒险者日记 (1)
PROPQUEST_SCENARIO_INC_000483,"Hello Adventurer. Although you don't know me, I must ask a favor of you. I have found something… incredible. Bring it to the Mayor of Darkon right away.",你好，冒险者。我知道你不认识我，但我需要你的帮助。我发现了一些...非常难以置信的事情。请你马上将它交给达肯市长。
PROPQUEST_SCENARIO_INC_000484,"Thank you, I am in your debt.",谢谢，这是我欠你的。
PROPQUEST_SCENARIO_INC_000485,You can not understand the implications of this quest… He needs this book!,你根本不理解这个委托会产生什么样的影响... 他需要这本书！
PROPQUEST_SCENARIO_INC_000486,"You seem to have something important to say, what is it?",你似乎有什么很重要的事情要说，请直说吧。
PROPQUEST_SCENARIO_INC_000487,OH MY! I can't believe this! The diary of the adventurer Bartholomew Hunt…,这...这是冒险者巴塞洛缪·亨特的日记，实在是难以置信！
PROPQUEST_SCENARIO_INC_000488,Deliver the Diary to the Mayor of Darkon.,将日记交给达肯市长。
PROPQUEST_SCENARIO_INC_000490,Journal of an Adventurer (2),冒险者日记 (2)
PROPQUEST_SCENARIO_INC_000491,"You should hear this. This is the diary of the adventurer Bartholomew Hunt. My grand father knew of him, he was a legend at one time…",听着。这是冒险者巴塞洛缪·亨特的日记。我的祖父知道他，他是那个时代的传奇...
PROPQUEST_SCENARIO_INC_000492,HA! Look at this… he is claiming that he discovered a new continent. New continent? How absurd!,哈！快看...他声称他发现了新大陆。新大陆？这可太荒谬了！
PROPQUEST_SCENARIO_INC_000493,"I can't read the writing here, it appears to be a code of some sort. Maybe the Sage Radion can figure out what this writing is. Please bring him the diary.",这部分内容看起来像是某种代码，我没办法理解。大贤者拉迪温可能能认出这写的是什么。请将日记带给他。
PROPQUEST_SCENARIO_INC_000494,"Sage Radion is is in the Northern Leren Mountains, near the Fountain of Dead Person.",大贤者拉迪温在乐雅山脉北部的亡者之泉附近
PROPQUEST_SCENARIO_INC_000495,You are to busy? If this information is accurate do you know what this could mean?,你现在没空？如果这信息足够准确，你知道这意味着什么吗？
PROPQUEST_SCENARIO_INC_000496,What brings you to see me?,你为什么要来见我？
PROPQUEST_SCENARIO_INC_000497,"If the Mayor of Darkon sent you, it must be important. Let me see the Diary.",如果是达肯市长派你来的，这一定非常重要。让我先看看这日记。
PROPQUEST_SCENARIO_INC_000498,Find the Sage Radion to decode the writing in the Diary.,找到大贤者拉迪温来解码日记的内容。
PROPQUEST_SCENARIO_INC_000501,Journal of an Adventurer (3),冒险者日记 (3)
PROPQUEST_SCENARIO_INC_000502,"Why, this is not a code… Amazing! The language of the Ancient Tribe. This Bartholomew Hunt must have really known his stuff. Maybe there is more to this…",为什么...这并不是一种代码...令人震惊！这是一种古代部落的语言。这位巴塞洛缪·亨特一定很了解这些。继续看，也许还会有更多的内容...
PROPQUEST_SCENARIO_INC_000503,"I have translated the Ancient language. Bring this Translated Document to the Mayor of Darkon. Keep it safe, this is truly a special thing!",我已经将古代语言翻译好了。将翻译文档交给达肯市长。保管好它，这真的是非常重要的东西！
PROPQUEST_SCENARIO_INC_000504,You are playing an important role in historic events.,你在历史事件中扮演着重要的角色。
PROPQUEST_SCENARIO_INC_000505,I can't believe it! The possibility of a new land and you are not interested?,真不敢相信！你对新大陆的可能性不感兴趣？
PROPQUEST_SCENARIO_INC_000506,You can't imagine how eagerly I've been waiting for you to return. Have you met the Sage Radion? Is there news?,你无法想象我有多迫切地期待你回来。你见到大贤者拉迪温了吗？有什么新消息吗？
PROPQUEST_SCENARIO_INC_000507,He was able to translate it? Wonderful. Now we can see if this is real or just a wild goose chase… Give me a moment to read through this.,他翻译了日记吗？不错，现在我们可以看看这是真的还是白费力气了。请给我一些时间阅读一下翻译文档。
PROPQUEST_SCENARIO_INC_000508,Bring the translated document to the Mayor of Darkon.,将翻译文档带给达肯市长。
PROPQUEST_SCENARIO_INC_000741,Chain,剧情
PROPQUEST_SCENARIO_INC_000742,General,一般
PROPQUEST_SCENARIO_INC_000743,Office,委托所
PROPQUEST_SCENARIO_INC_000744,Event,活动
PROPQUEST_SCENARIO_INC_000785,"Don’t worry about the pay. So, please hurry up.",你不用担心报酬。所以，请你尽快完成委托吧。
PROPQUEST_SCENARIO_INC_000786,"It is very important, so you'd better hurry!",它真的非常重要，所以请你最好快点！
PROPQUEST_SCENARIO_INC_000787,The Mayor of Darkon is waiting for you. Hurry!,达肯市长正在等着你。赶快！
PROPQUEST_SCENARIO_INC_001245,Chapter 1 The Emerging Darkness,章节 1 黑暗复苏
PROPQUEST_SCENARIO_INC_001965,Chapter 2 Finding Lost Memory,章节 2 寻找遗失的记忆
PROPQUEST_SCENARIO_INC_001966,Chapter 3 Return of Scattered Heroes,章节 3 各路英雄的回归
PROPQUEST_SCENARIO_INC_001246,Initiation of Champions,英雄伊始
PROPQUEST_SCENARIO_INC_001247,"Hmm, I sense an aura of greatness from you young warrior, yet a mind clouded with uncertainty and doubt.",嗯...年轻的战士，我能从你身上感觉到一股强大的气场，但你的内心还充满了不确定和怀疑。
PROPQUEST_SCENARIO_INC_001248,"I intend to help you realize your true inner potential. Though I am but a stranger to you, I need you to trust in me. My true identity will be revealed soon enough.",我愿意帮助你激发你的潜能。虽然我对你来说仍然是陌生的，但我需要你相信我。我的真实身份很快就会揭晓。
PROPQUEST_SCENARIO_INC_001250,Apparently I was correct in choosing you. Well then! Please eliminate 10 Lawolfs & 5 Grownup Lawolfs residing in Northern Flaris.,很显然，选择你是正确的。那么好的，接下来请击败栖息在帕里北部的 10只山地野狼和 5只山地老狼吧。
PROPQUEST_SCENARIO_INC_001251,"Hmm, apparently I made a mistake. I believed you to be the champion I was searching for.",嗯...相信你是我一直寻找的英雄的这个想法显然是错的。
PROPQUEST_SCENARIO_INC_001252,The citizens grow ever more fearful of this situation! Please get rid of 10 Lawolfs & 5 Grownup Lawolfs.,居民们对这种情况愈发的害怕了！请你前去击杀10只山地野狼和5只山地老狼。
PROPQUEST_SCENARIO_INC_001253,Kill 10 Lawolfs & 5 Grownup Lawolfs and go back to Reonan.,杀死10只山地野狼和5只山地老狼后回去找瑞尔南。
PROPQUEST_SCENARIO_INC_001254,Ah! I admire your courage. It appears you could very well be the champion I have sought.,哈！我欣赏你的勇气。看来你很有可能成为我所追寻的英雄。
PROPQUEST_SCENARIO_INC_001256,Bridge to Terror-bithia,通往恐怖比提亚的桥梁
PROPQUEST_SCENARIO_INC_001257,"But, let us not be too hasty as arrogance may lead to an early grave. Though vicious, slaying a few lawolves is just the beginning…",但是，傲慢会让我们提前陷入绝境，我们必须谨慎不能仓促行事。虽然很残忍，但是杀几只山地野狼仅仅只是开始...
PROPQUEST_SCENARIO_INC_001258,"Here is your next task. Rumors have it, numerous villagers have been attacked by a monstrous Lord Demian just outside of Flaris. Please defeat him and return to me",这是您的下一个任务。有传言说，许多村民在帕里镇外遭到了可怕的迪米之王的袭击。请打败他，然后来我这。
PROPQUEST_SCENARIO_INC_001259,The Lord Demian has been seen wandering nearby the Madren Town recently so search for him there.,最近有人看到迪米之王在迪米村附近徘徊，所以去那里找他吧。
PROPQUEST_SCENARIO_INC_001260,"What? I know I ask much of you, but I never thought you would turn down a chance to prove your worth.",什么？我知道我对你要求太多了，但我从没想过你会拒绝证明你的价值的机会。
PROPQUEST_SCENARIO_INC_001261,The Lord Demian can be found nearby Madren Town amongst the other Demians.,可以在迪米村附近找到迪米之王。
PROPQUEST_SCENARIO_INC_001262,Get rid of the Lord Demian and return to Reonan.,除掉迪米之王，然后回去见瑞尔南。
PROPQUEST_SCENARIO_INC_001263,"Finally, the villagers may rest assured that the Lord Demian shall no longer terrorize them. You have much potential.",村民们终于可以放心了，迪米之王不会再恐吓他们了。你有很大的潜力。
PROPQUEST_SCENARIO_INC_001265,Weed Whacked!,除草机！
PROPQUEST_SCENARIO_INC_001266,I now have another favor to ask of you. A mysterious curse has turned the once docile Fefern into foul beasts which are ravaging the land. Will you defeat them?,我现在需要你的帮忙。一个神秘的诅咒将原来温顺的菲菲龙变成了嗜血如命的肮脏怪物。你愿意击杀它们吗？
PROPQUEST_SCENARIO_INC_001267,Fefern can be found in the Northwest region of Flaris. Please kill 10 Fefern & 5 2nd Class Fefern and come back.,菲菲龙可以在帕里的西北区域找到。请杀死10个菲菲龙和5个大菲菲龙后再来找我。
PROPQUEST_SCENARIO_INC_001268,"So that’s it? You eliminate a giant Rogue, yet tremble at the sight of some mere weeds?",你就这水平？你击败了一个暴徒，却被一堆杂草吓得发抖？
PROPQUEST_SCENARIO_INC_001269,"If you cross the bridge located in Northern Flaris, you will find the Fefern.",当你过了位于帕里北部的桥后，你就会找到菲菲龙的。
PROPQUEST_SCENARIO_INC_001270,"It's as I've come to expect. The villagers are rejoicing of your heroic deeds. You my friend, have earned yourself quite a reputation around here.",正如我所料。居民们正为你的英雄事迹欢呼呢。我的朋友，你为你自己争取到了周围人的敬重。
PROPQUEST_SCENARIO_INC_001271,Kill 10 Fefern & 5 2nd Class Fefern and go back to Reonan.,杀死10个菲菲龙和5个大菲菲龙后再回来找瑞尔南。
PROPQUEST_SCENARIO_INC_001273,The Mayor's Aid,市长的援助
PROPQUEST_SCENARIO_INC_001274,It appears that word of your selfless exploits has reached the Mayor of Flarine. I believe he has something important about which to speak with you. Please speak with him,看来你无私奉献的消息传到帕里市长那里了。我相信他有一些重要的事情要和你说。请去找他吧。
PROPQUEST_SCENARIO_INC_001275,The Mayor of Flarine can be found in Central Flarine. Please see what it is he requires of you.,你可以在帕里镇中心找到帕里市长。请去看看他找你有什么事。
PROPQUEST_SCENARIO_INC_001276,"Well, not that I can blame you. I have no time to meddle with politicians.",行吧，这与我无关，我也没什么好指责你的。我没有时间去多管这些政客的闲事。
PROPQUEST_SCENARIO_INC_001277,It is with a warm heart that I welcome you to our humble town young adventurer! The citizens of this town speak highly of all you.,年轻的冒险者，我怀着激动的心欢迎你来到我们这个小镇！这里的居民对你的评价很高。
PROPQUEST_SCENARIO_INC_001278,You haven't met Mayor of Flarine yet?,你还没有去见帕里市长吗？
PROPQUEST_SCENARIO_INC_001279,Go speak with the Mayor of Flarine.,去和帕里市长谈谈。
PROPQUEST_SCENARIO_INC_001281,The Furry Menace,彩冠翎猫的威胁
PROPQUEST_SCENARIO_INC_001282,"I wanted to meet you personally to thank you for all you have done for us. I don't wish to impose, but I hoped you could again call upon your courage.",我想亲自见你来感谢你为我们做的所有事情。我不想强迫你，但我仍然希望你能再次使用你的勇气帮助我们。
PROPQUEST_SCENARIO_INC_001283,"Our town guard was once sizeable enough to fend off most of Shade's masquerpets. Now, with each passing day their numbers and power increases, while ours dwindles.",曾经我们镇子的防卫力量足够强大，可以抵御很多谢德莉的怪物。但随着怪物们的数量的增加以及变强，我们的防卫力量开始在慢慢变弱，渐渐无法抵御它们的攻击。
PROPQUEST_SCENARIO_INC_001284,"With that said, could you please help us to exterminate a particularly vicious group of Nyangnyang roaming the lands?",话说到这，请问你可以帮助我们消灭游荡在这片土地的非常邪恶的彩冠翎猫吗？
PROPQUEST_SCENARIO_INC_001285,"Nyangnyang can be found in Northern Flaris, right after crossing the bridge. Killing 10 Cute Nyangnyang & 5 Nyangnyang should be sufficient to aid us.",彩冠翎猫可以在帕里北部，过了桥之后找到。杀死10个彩冠翎猫仔和5个彩冠翎猫就足够帮助我们了。
PROPQUEST_SCENARIO_INC_001286,"I understand your apprehension, but I do hope you will reconsider your decision.",我理解你的担心，但我还是希望你能再考虑下你的决定。
PROPQUEST_SCENARIO_INC_001287,"Hah! It is as the citizens have said, you ARE truly a great warrior.",好！正如居民们所说的，你是一个真正伟大的战士。
PROPQUEST_SCENARIO_INC_001288,The Nyangnyang roam the lands right across the bridge of Northern Flaris. Please help us to decrease their numbers!,彩冠翎猫游荡在帕里北部的桥对面。请帮助我们消灭它们。
PROPQUEST_SCENARIO_INC_001289,Kill 10 Cute Nyangnyang & 5 Nyangnyang and return to the Mayor of Flarine.,杀死10只彩冠翎猫仔和5只彩冠翎猫后再回去找帕里市长。
PROPQUEST_SCENARIO_INC_001291,Stomping Grounds,大地颤抖
PROPQUEST_SCENARIO_INC_001292,"Given your prior victory, I have another favor to ask. An unwieldy group of bangs have really shaken things up in Northern Flaris. Can we count on you to take care of them?",考虑到你之前成功的完成了任务，我还有另一个请求。一群笨重的魔导战甲士兵把帕里北部弄得翻天覆地的。请问你能帮我们去给他们一些教训吗？
PROPQUEST_SCENARIO_INC_001293,"Bangs can be found in North side of Flaris, near by Nyangnyang. Go kill 10 Bang & 5 Captain Bang and come back.",魔导战甲士兵可以在帕里北部，彩冠翎猫栖息地附近找到。去杀死10个魔导战甲士兵和5个魔导战甲队长后再回来。
PROPQUEST_SCENARIO_INC_001294,Your prior deeds for us are enough to earn my gratitude.,非常感谢你为我们做的所有事情。
PROPQUEST_SCENARIO_INC_001295,You've taken care of the issue already!? Astonishing! Now our mining operations in the mountains of Flaris may resume!,你已经处理好这些问题了吗！？真令人难以置信！现在我们终于能继续在帕里的山里采矿了！
PROPQUEST_SCENARIO_INC_001296,Bangs can be found in Northern Flaris near the Nyangnyangs. Removing at least 10 Bangs and 5 Captain Bangs should resolve any issues.,魔导战甲士兵可以在帕里北部，彩冠翎猫附近找到。杀死至少10个魔导战甲士兵和5个魔导战甲队长就可以解决我们的问题。
PROPQUEST_SCENARIO_INC_001297,Kill 10 Bang & 5 Captain Bang and return to the Mayor of Flarine.,杀死10个魔导战甲士兵和5个魔导战甲队长后再回来找帕里市长。
PROPQUEST_SCENARIO_INC_001299,A Hero Emerges!,英雄崛起！
PROPQUEST_SCENARIO_INC_001300,"Know that I, as well as the citizens of Flaris, are forever in your debt. If you are ever in need of assistance, do not hesitate to ask!",我和帕里的居民们都很清楚，我们永远欠你人情。如果你需要我们的帮助，请不要羞于启齿。
PROPQUEST_SCENARIO_INC_001301,"Carry on now young adventurer! I can tell you will accomplish great things. Oh, I believe Reonan was looking for you as well. Won't you speak with him?",年轻的冒险者继续前进吧！你一定会成就一番事业的。噢，我相信瑞尔南正在找你，你不想和他谈谈吗？
PROPQUEST_SCENARIO_INC_001302,"Before you leave, please tell Reonan thanks for bringing you to my attention. He, as well, has my gratitude.",在你离开前，请告诉瑞尔南，我很感谢他也很感谢他引领你来帮助我们。
PROPQUEST_SCENARIO_INC_001303,"Well, I don't mind if you stay here. Who knows, perhaps you might even be the Mayor of Flarine one day! Haha!",没事，我也并不介意你待在这。谁知道呢，也许某天你就成为了帕里市长了！哈哈！
PROPQUEST_SCENARIO_INC_001304,"A safe return I see? You no doubt have completed the mayor's request. Oh and his gratitude? Can't say I've ever trusted the word of a politician, but I will take it! Hah!",安全地回来了？毫无疑问你完成了市长的委托。噢？还带来了他的感激？虽然我从不信任政客们说的话，但我心领了！哈哈！
PROPQUEST_SCENARIO_INC_001305,Reonan is looking for you.,瑞尔南在找你。
PROPQUEST_SCENARIO_INC_001306,Go meet with Reonan.,去与瑞尔南见面。
PROPQUEST_SCENARIO_INC_001308,Dispatch to Saint City,前往晨光
PROPQUEST_SCENARIO_INC_001309,"Nonetheless, because of your work, it appears peace has finally been restored to Flarine. Alas, Madrigal is a world ripe with distress.",因为你的付出，帕里终于恢复了和平。但是瑞加大陆是一个充满着痛苦的世界。
PROPQUEST_SCENARIO_INC_001310,I have received word from a contact in Saint City that masquerpet attacks are steadily on the rise. It also seems that the concerns of the towns people go unheeded.,我从晨光的线人处听说晨光受怪物攻击的频率正在增加。似乎没有人帮助晨光的居民。
PROPQUEST_SCENARIO_INC_001311,It looks like this could once again be your chance to prove your true worth. Make haste to Saint City and meet my contact Leann!,这看起来又是一个能证明你真正价值的机会。请你马上动身前去晨光与我的线人露恩见面吧！
PROPQUEST_SCENARIO_INC_001312,"You can reach Saint City by flying west from this location using an Airship from Central Flarine or your own Flying device. You may also purchase a blinkwing of Saint Morning from Marche, the resident magician.",你可以通过乘坐帕里镇中心的飞船或是自己的飞行器前往这个位置的西边来抵达晨光。你可能需要从魔导士玛尔琪处购买晨光翅膀。
PROPQUEST_SCENARIO_INC_001313,"Hmm, I guess this worlds call for heroes is currently falling upon deaf ears.",嗯... 我猜这个世界对英雄的呼唤现在被置若罔闻了。
PROPQUEST_SCENARIO_INC_001314,Where is the savior that Reonan was talking about? I don't have time to talk to you. This is not a good time for me to guide you around!! Traveler!!.,瑞尔南说的救世主在哪？我没有空和你闲谈。旅行者！！这并不是适合给你指路的时间！！
PROPQUEST_SCENARIO_INC_001315,"My contact's name is Leann. You can meet her in the Saint Morning square, in front of the Cathedral.",我的线人叫露恩。你可以在晨光广场的大教堂前见到她。
PROPQUEST_SCENARIO_INC_001316,Meet Leann in front of the Cathedral in Saint City.,在晨光的大教堂前与露恩见面。
PROPQUEST_SCENARIO_INC_001318,A Warm Reception?,一次热情的接待？
PROPQUEST_SCENARIO_INC_001319,"Sorry, I'm busy looking for someone so hurry… What did you say? YOU are the hero Reonan spoke of!? I imagined you to look, oh… a tad more heroic?",抱歉，我现在非常着急寻找某个人... 你说什么？你就是瑞尔南说的那位英雄吗！？我想象中的你会看起来...比较英勇？
PROPQUEST_SCENARIO_INC_001320,"Well, where are my manners? Heh. Welcome to Saint City, the biggest town of Madrigal, supplier of airships and… oh sorry, you probably don't care about any of this!",好吧，是我失礼了。哈。欢迎来到瑞加大陆上最大的城镇晨光镇，这里是飞船的产地并且还是... 噢，抱歉，我想你对这些应该不太感兴趣！
PROPQUEST_SCENARIO_INC_001321,"Reonan DID send you here for more than listening to me ramble about our town, but hey! I'm a tour guide, it's what I do! Anyway! The mayor requests your presence. Please speak with him.",瑞尔南派你来到这里不是为了听我碎碎念关于晨光镇的事情的，不过，嘿！我是一个旅游向导，这就是我的工作！不管怎样！市长想要见你。请你前去与他谈一谈。
PROPQUEST_SCENARIO_INC_001322,The Mayor of Saint City is standing behind me. He'll inform you more of the situation at hand!,晨光市长就在我后面。他会告诉你更多我们目前所拥有的信息！
PROPQUEST_SCENARIO_INC_001323,Don't feel like it? Just don't expect me to babysit you all day long! I'm a busy gal ya know!,你不喜欢它吗？那也不要指望我能照顾你一整天！我可是个忙碌的女孩呢！
PROPQUEST_SCENARIO_INC_001324,Ah! So you must be the famed hero of Flaris I've heard so much about? I guess I owe you my thanks already for making the trip to Saint City.,哈！你一定就是帕里那位声名远扬的英雄吧？我很感谢你能来一趟晨光。
PROPQUEST_SCENARIO_INC_001325,What? Lost? The Mayor is right behind me. Apparently your vision is as bad as Reonan's choice in heroes.,什么？这你都找不到吗？市长就在我身后。显然你的眼睛和瑞尔南选择英雄的眼光一样差劲。
PROPQUEST_SCENARIO_INC_001326,Meet Mayor of Saint City.,与晨光市长见面。
PROPQUEST_SCENARIO_INC_001328,Corrupted Cabbage Patch,腐化的紫草食人花
PROPQUEST_SCENARIO_INC_001329,Leann and Reonan have informed me of your imminent arrival. Word of your deeds has also spread amongst our citizens. You must be quite an outstanding person for someone your age.,露恩和瑞尔南已经告知我我你的到来。你的事迹早已被晨光镇的居民熟知了。你一定是同龄人中的佼佼者。
PROPQUEST_SCENARIO_INC_001330,"Oh? You want to know about Reonan? He's even sort of a mystery to me. Some say he can slay a Meteonyker with his bare hands. Tall tales aside, I have a request for you…",噢？你想了解一下瑞尔南吗？他对于我来说也是非常神秘的一个人。有的人说他可以赤手空拳杀死一条飞龙。就先不说废话了，我需要你的帮助...
PROPQUEST_SCENARIO_INC_001331,An army of ravenous plants are emerging and threatening the safety of our citizens. They seem to be the result of some mysterious dark magic.,一大群邪恶贪婪的植物正在不断出现并且威胁到了我们居民们的安全。它们似乎是受到某种神秘的黑暗魔法所腐化了。
PROPQUEST_SCENARIO_INC_001332,"Known as Wagsaac, these plants eat everything standing in their way. Please head south of Saint City and defeat 10 Small Wagsaac & 5 Wagsaac.",这些植物被称为紫草食人花，它们会吃掉途径的所有的东西。请前往晨光南部，并杀死10个紫草食人花幼苗和5个紫草食人花。
PROPQUEST_SCENARIO_INC_001333,"Hmm, it appears that the stories of your selfless heroism were a little exaggerated.",嗯...看来你无私的英雄事迹被他们夸大了。
PROPQUEST_SCENARIO_INC_001334,"It appears that the tales of your deeds are true! With the Wagsaac threat contained, our guards can once again focus on the defense of Saint City!",看来关于你英雄事迹的传说是真的！当紫草食人花的威胁被解决后，我们的防卫力量就可以重新专注于晨光的防守了。
PROPQUEST_SCENARIO_INC_001335,Please defeat 10 Small Wagsaac & 5 Wagsaac South of the Town. Our guards are already at working trying to eliminate this menace and could use assistance!,请杀死位于城镇南部的10个紫草食人花幼苗和5个紫草食人花。我们的警卫正在那努力消灭这些威胁，他们需要你的援助！
PROPQUEST_SCENARIO_INC_001336,Kill 10 Small Wagsaac & 5 Wagsaac and return to the Mayor of Saint City.,杀死10个紫草食人花幼苗和5个紫草食人花后返回晨光市长处。
PROPQUEST_SCENARIO_INC_001338,Pint Sized Hero,小英雄
PROPQUEST_SCENARIO_INC_001339,"It appears as if I must again call upon you for a favor. We have reports of a missing child, but unfortunately our guards are too occupied to help.",看来我还需要再请你帮我个忙。我们得到通报说一个孩子走丢了，但是很不幸的是我们的守卫没办法分出人手去帮忙。
PROPQUEST_SCENARIO_INC_001340,"The boy, named Nerco, apparently left a note to his mother saying he wanted to defeat monsters just like the Hero of Flaris! For his sake, please find and protect him!",这个孩子叫尼尔科，他给他的母亲留下了一张纸条，纸条上说他要像帕里的英雄一样去打败怪物！所以，请找到并保护他！
PROPQUEST_SCENARIO_INC_001341,"His mother believes him to be in Southern Saint Morning, attempting to take on the Mia by himself. Please protect him by defeating 10 Small Mia & 5 Mia.",他母亲相信他正在晨光南部尝试独自对付米娅娃娃。请通过击杀10只粗布米娅娃娃和5只花布米娅娃娃来保护他。
PROPQUEST_SCENARIO_INC_001342,What? Why am I asking you to find just a KID? Kids are the future of Madrigal. You have a bad mental attitude.,什么？为什么我仅仅让你去找一个孩子？孩子们可是瑞加大陆的未来啊，你现在的心理想法很不健康
PROPQUEST_SCENARIO_INC_001343,"Tremble ghosts, for I am the mightiest warrior in the… wait, who are you? You are interrupting my ghost slaying!",胆小鬼，我才是最强大的战士…等等，你是谁？你打断了我的战斗！
PROPQUEST_SCENARIO_INC_001344,Hurry and find Nerco before the Mia get to him!,赶快！务必要在米娅娃娃抓住他之前找到他！
PROPQUEST_SCENARIO_INC_001345,Kill 10 Small Mia & 5 Mia and locate Nerco.,找到尼尔科并杀死10只粗布米娅娃娃和5只花布米娅娃娃
PROPQUEST_SCENARIO_INC_001347,A Mother's Fury,愤怒的母亲
PROPQUEST_SCENARIO_INC_001348,"What? You came here to find me? You must have me confused with someone else. I'm not a lost child, I'm a mighty warrior!!!",什么？你是来找我的？你一定是被其他人迷惑了。我不是一个走丢的孩子，我是一个强大的战士！！！
PROPQUEST_SCENARIO_INC_001349,"Ok, so maybe I did get just a little lost. WHAT!? My mom already reported me missing!? Oh am I in trouble. Mom is gonna take my upgraded wooden sword!!!",好吧，我可能确实有点迷路了。什么！？我妈妈已经上报我走丢了吗！？完蛋了，我的超级无敌木剑要被我妈妈没收了！！！
PROPQUEST_SCENARIO_INC_001350,"Hey... um... YOU!! I need a favor. Please go and tell my mom I'm at a friend's house and will be home for dinner! If not, I am going to throw such a tantrum.",嘿……呃……你！！帮个忙呗。去跟我妈说一声，我在朋友家，晚饭会回去！不然的话，我可要闹翻天了。
PROPQUEST_SCENARIO_INC_001351,"Hehe, I knew you would accept my request. Please tell my mom everything is fine. Don't worry about me, I will go back soon enough!",嘿嘿，我就知道你会接受我的请求。请告诉我妈妈我一切安好，不需要担心我，我会马上回家的！
PROPQUEST_SCENARIO_INC_001352,No! No! I won't go! I won't go! I won't go! You can't make me!,不！不！我不会离开的！我不走！我不走！你不能强迫我离开！
PROPQUEST_SCENARIO_INC_001353,"What? At a friend's house? Oh that Nerco is such a little lying !@#!&@ When he comes back, I will kick his ~!#@$!#&#!@#!...",什么？在他的一个朋友家里吗？这个尼尔科真是个撒谎精！@#!&@，当他回家后，我一定要踢他的~!#@$!#&#!@#!...
PROPQUEST_SCENARIO_INC_001355,Tell Lusina Nerco's words.,将尼尔科的话转述给卢西娜。
PROPQUEST_SCENARIO_INC_001357,Like finding a Hair band in a Pumpkin Patch,遗失在南瓜地的发带
PROPQUEST_SCENARIO_INC_001358,"Hey you... It's no use talking to my mommy right now. When she gets angry, she gets ANGRY.*giggle* Give her some time!",喂，你……这会儿去跟我妈咪说也没用啦。她要是生气起来，那可是相当可怕的哦~ 嘻嘻， 给她点时间消消气嘛！
PROPQUEST_SCENARIO_INC_001359,"Since you aren't busy now, I know you would looooooove to do me a favor! *giggle* A few days ago I lost my favorite Marble Hair band outside of the town. Please please find it?",既然你这会儿没事，我知道你肯定超——级愿意帮我的！嘻嘻， 前几天我在城外丢了我最爱的发带。拜托拜托，帮我找找吧？
PROPQUEST_SCENARIO_INC_001360,"Yay! Thank you so much! You are super awesome. If I remember right, I lost it playing hide and seek with Nerco near the Pumpkin Village.",吖！非常谢谢你！你真是个超级大好人。如果我记得没错的话，我是在南瓜村和尼尔科玩躲猫猫的时候弄丢的。
PROPQUEST_SCENARIO_INC_001361,"But but but, it was my favoritest… my daddy bought it for me!!!",可是...可是...可是它是我最喜欢的东西...是我爸爸买给我的！！！
PROPQUEST_SCENARIO_INC_001362,You found my hair band!? Yay! You are the bestest ever!!! You are a real hero!,你找到我的发带了吗！？吖！你果然是有史以来最棒的英雄！！！
PROPQUEST_SCENARIO_INC_001363,"Be careful! Pumpkin Village has lots of scary Mr.Pumpkins. When I saw one, I ran as fast as I could and lost my scrunchie!",小心！南瓜村有很多恐怖的南瓜精。每次当我看到一个南瓜精，我都会飞速的逃走，也正是这个原因我才弄丢了我的发带！
PROPQUEST_SCENARIO_INC_001364,Find Marble Hair band from Pumpkin village and go back to Nersha.,找到有大理石纹彩的发带后回去找尼尔莎。
PROPQUEST_SCENARIO_INC_001366,A Mother's Embrace,来自母亲的拥抱
PROPQUEST_SCENARIO_INC_001367,"Oh, also! My mommy is looking for you... Go talk to her. Don't worry, she is cooled down now.",哦，还有！我妈妈在找你……去和她谈谈。别担心，她现在冷静下来了。
PROPQUEST_SCENARIO_INC_001368,I think she wants to thank you for helping me!,我想她是想感谢你帮助我！
PROPQUEST_SCENARIO_INC_001369,"Hmm... If you go back to Mayor, this mission will fail...",嗯……如果你现在就回去找市长，这个任务就失败了……
PROPQUEST_SCENARIO_INC_001370,"Good to see you again. Sorry for earlier, it's just that Nerco makes me so angry sometimes. Anyway, I heard you found something for my daughter.",很高兴再次见到你。我对我之前的态度感到很抱歉，尼尔科时不时的会让我很生气。不管怎样，我听说你为我的女儿找到了一些东西。
PROPQUEST_SCENARIO_INC_001371,Please go talk with my mommy!,请前去和我的妈妈谈一谈吧！
PROPQUEST_SCENARIO_INC_001372,Speak with Lusina.,和卢西娜对话。
PROPQUEST_SCENARIO_INC_001374,Nothing Like a Home Cooked Meal,独一无二的家庭大餐
PROPQUEST_SCENARIO_INC_001375,Thank you! You found my son and also helped my daughter. Now I can momentarily feel relieved. Let me treat you to a home cooked meal! Hold on...,谢谢！您找到了我的儿子，也帮助了我的女儿。现在我可以暂时感到放心了。我请你吃家常饭！等等……
PROPQUEST_SCENARIO_INC_001376,"Ah!!! All of my kitchen knives got rusty. I just wanted to treat you a good meal to show my appreciation... Now, I can't even feed my children!",啊！！！我所有的菜刀都生锈了。我还想通过给你做一份大餐来表示我的感谢呢...现在，我甚至都不能为我的孩子们准备饭菜了！
PROPQUEST_SCENARIO_INC_001377,"You've helped our family so much already, but can I ask you for a favor also?",你已经为我的家庭做了那么多，我能不能再请你帮一个忙？
PROPQUEST_SCENARIO_INC_001378,"If I had some Sharp Edge pieces, I could make a knife and once again be a fit mother! Would you please gather some for me?",如果我有一些利刃碎片，我就可以做一把刀，并且能继续做一位合格的母亲了！你愿意帮我收集它们吗？
PROPQUEST_SCENARIO_INC_001379,"You are really too kind! You can collect Sharp Edge pieces by killing some Red Mantis… and pulling off their legs. Yes, yes, so it sounds a little vicious. It's ok, you will get over it! Haha!",你真的是太善良了！你可以通过杀死一些蟹足螳螂...然后拔掉他们的腿来收集利刃碎片。对的，对的，拔掉他们的腿。这听着是不是太残忍了？没事的，你会克服这种想法的！哈哈！
PROPQUEST_SCENARIO_INC_001380,Oh dear! Now my children shall surely starve! Children's services will take them away and I will be all alone…,噢，亲爱的！现在我的孩子真的要挨饿了！儿童保护机构会将他们从我身边带走，然后只留下我一个人的...
PROPQUEST_SCENARIO_INC_001381,How very kind of you! Hope this task wasn't too much of a burden for you. Rest a little now!,你真的太善良了！希望这个任务对你来说不会是太大的负担。请你先休息一下吧！
PROPQUEST_SCENARIO_INC_001382,"Unfortunately, you won't be able to pull the legs off all the Red Mantis. Some of them are attached too tightly. Just keep killing them and you will eventually succeed!",不幸的是，你没办法把所有蟹足螳螂的腿都拔下来。因为有些蟹足螳螂的腿和身体连接得非常的紧。就一直猎杀它们直到你的收集足够多的利刃碎片吧！
PROPQUEST_SCENARIO_INC_001383,Bring 3 Sharp Edge to Lusina by killing Red Mantis.,通过杀死蟹足螳螂获得3片利刃并带给卢西娜。
PROPQUEST_SCENARIO_INC_001385,Soups On!,开饭了！
PROPQUEST_SCENARIO_INC_001386,"Well, I should hurry and get dinner going. Would you please fetch Nerco for me? I'm sure if I saw him right now, I'd kick his little butt from here to Darkon!",嗯，我应该赶快去吃晚饭。你能帮我把尼尔科找来吗？我敢肯定，如果我现在看到他，我会把他的小屁股从这里踢到达肯！
PROPQUEST_SCENARIO_INC_001387,Thank you so much! I'm sure that crafty little liar is still where you last saw him!,实在太感谢你了！我敢肯定那个狡猾的小骗子还在你上次见到他的地方！
PROPQUEST_SCENARIO_INC_001388,"Well, looks like someone is going to bed on an empty stomach then!",看起来有人得饿着肚子睡觉了！
PROPQUEST_SCENARIO_INC_001389,You again? I said I would be home soon enough! Don't tell me my mother sent you!?,又是你？我说我很快就会回家的！别告诉我妈妈派你来的！ ？
PROPQUEST_SCENARIO_INC_001390,Please go tell Nerco to come home for dinner!,请去叫尼尔科回家吃晚饭！
PROPQUEST_SCENARIO_INC_001391,Tell Lusina's words to Nerco.,将卢西娜的话转述给尼尔科。
PROPQUEST_SCENARIO_INC_001393,The Rusty Shackle,生锈的脚镣
PROPQUEST_SCENARIO_INC_001394,What? My mother told me to come and eat? Awww but I’m just getting started!,"什么?我妈妈让我回去吃饭?啊啊啊啊,可是我才刚刚开始!"
PROPQUEST_SCENARIO_INC_001395,"What? She's mad at me? If you show Mia's Shackles to her, I know she will be proud! Please take this to my mother.","什么?她对我非常生气?如果我将米娅的脚镣展示给她看,我相信她会为我骄傲的!请将这个带给我妈妈。"
PROPQUEST_SCENARIO_INC_001396,Awesome! Now I can get back to killing more monsters!,太棒了!现在我可以回去继续杀死更多的怪物了!
PROPQUEST_SCENARIO_INC_001397,"It's ok, I understand that you are just jealous! Mwahaha!","没关系的,我知道你只是嫉妒我而已!哇哈哈哈!"
PROPQUEST_SCENARIO_INC_001398,What's this? Some old shackle? What? Nerco told you that he isn't coming back?,这是什么，一些旧镣铐吗？什么？ 尼尔科告诉你他不会回来了？
PROPQUEST_SCENARIO_INC_001399,"Hurry up and take Mia's Shackles to my mother, so she can see how great I am!",快点把米娅的镣铐带给我妈，让她看到我有多棒！
PROPQUEST_SCENARIO_INC_001400,Give Mia's Shackles to Lusina.,将米娅的脚镣交给卢西娜。
PROPQUEST_SCENARIO_INC_001402,No Rest for the Wicked,永无宁日
PROPQUEST_SCENARIO_INC_001403,"Oh that little brat! He is out of his mind! That’s it, when I find him he is getting a spanking more terrifying than Shade's fury!!!",这个小家伙！他真的是疯了！当我找到他，我一定会狠狠的教训他，让他知道我比幽影谢莉德还要恐怖！！！
PROPQUEST_SCENARIO_INC_001404,"Oh, by the way! The Mayor of Saint City is looking for you in hurry. I really should go find my son now. I still owe you a meal sometime so come back and see us!",噢，顺便说一句！晨光市长正在焦急的找你。我现在真得去找我的儿子了。我还欠你一顿饭喔，记得偶尔回来看看我们！
PROPQUEST_SCENARIO_INC_001405,Go see the Mayor of Saint City. I gotta go now. See you!,去见见晨光市长吧。我现在要走了。再见！
PROPQUEST_SCENARIO_INC_001406,"Well, that’s up to you! Either way, I have to rush off now!","好吧,这取决于你自己,不管怎样,我得马上动身了!"
PROPQUEST_SCENARIO_INC_001407,Oh! There you are! I've been waiting for you!. We are in great need of your abilities!,噢！你在这啊！我一直在等你呢！我们现在非常需要你的帮助！
PROPQUEST_SCENARIO_INC_001408,"Hmm, what to spank him with? OH! You are still here? The mayor is looking for you. Please go see him!",呃，打他什么屁股？哦！你还在这里吗？市长正在找你。请你去见他！
PROPQUEST_SCENARIO_INC_001409,Meet the Mayor of Saint City.,与晨光市长见面。
PROPQUEST_SCENARIO_INC_001411,Power in Numbers,团结的力量
PROPQUEST_SCENARIO_INC_001412,"Do you know about the Bucrow? They are protectors of the natural order that have existed long before man. They have since grown malicious, and attack our citizens.",你知道巴科洛吗？他们是人类出现之前就存在的自然秩序守护者。但是现在他们变得敌视人类，还会攻击我们的居民。
PROPQUEST_SCENARIO_INC_001413,"I believe the sudden increase in the amount of monsters is to blame. Bucrow are very in tune with the balance of nature, and have become enraged with its disintegration",我相信这是因为怪物的数量激增导致的问题。巴科洛对大自然的平衡非常敏感，如果大自然的平衡被打破就会让他们异常愤怒。
PROPQUEST_SCENARIO_INC_001414,"I must warn you though. Bucrow are very strong, which is why I've asked you to unite with other champions in this task. Please, will you help us to defeat them?",但我必须要警告你。巴科洛非常强大。这就是为什么我要求你和其他的英雄合作执行该任务。请问你是否愿意帮我们击败他们？
PROPQUEST_SCENARIO_INC_001415,You and your band of allies must travel to Saint Morning's southernmost region known as the Fantasy Desert. This is where the Bucrow primarily reside.,你和你的队友必须前往晨光最南部被称为梦幻沙漠的地区。那里是巴科洛主要的栖息地。
PROPQUEST_SCENARIO_INC_001416,"I might not know with any certainty how the Bucrow first began to become so vicious, but what I do know is that we must do something about them soon!",我并不知道巴科洛是如何变得如此狂暴的，但我唯一清楚的就是我们必须马上对他们采取一些必要措施！
PROPQUEST_SCENARIO_INC_001417,"Done already!? My thanks go out to you and your allies. Sometimes companionship is the key to victory! As soon as you reach level 30, please return to me as I have another request.",已经完成了吗！？非常感谢你和你的队友。有时候友谊才是胜利的关键！一旦你到了30级时，请回来找我，我有新的任务要交给你。
PROPQUEST_SCENARIO_INC_001418,Please you must all hurry! We cannot sit idly by in such a dire situation.,你必须要赶快完成！这种可怕的情况下，我们绝不能袖手旁观。
PROPQUEST_SCENARIO_INC_001419,Kill 8 Small Bucrow & 4 Bucrow while in a party and return to the Mayor of Saint City.,请在组队的情况下杀死8个小巴科洛和4个巴科洛，然后回去找晨光市长。
PROPQUEST_SCENARIO_INC_001421,Hero of Saint City,晨光的英雄
PROPQUEST_SCENARIO_INC_001422,"Hah, you have become quite the celebrity around here! Yes, there is still evil afoot in Saint Morning, but nothing that we can't now contain thanks to your aid!",哈，你在晨光已经非常受人敬重了！是的，晨光虽仍有邪恶在酝酿，但有了你的帮助，我们是所向披靡的！
PROPQUEST_SCENARIO_INC_001423,I do wish to ask you one last favor. Will you hear me out in my final request?,我想最后请你帮个忙。你愿意听听我最后的请求吗？
PROPQUEST_SCENARIO_INC_001424,"You have my thanks. Word has it, a group of dangerous escaped convicts from Saint City Prison are planning their revenge. Please defeat the Hobo and take his sword as proof!",非常感谢。我听说，一群危险的罪犯从晨光监狱逃了出去，并且正在筹划着他们的复仇计划。请击杀独臂浪人并将他们的剑作为证物带回！
PROPQUEST_SCENARIO_INC_001425,Hmm…just unfortunate considering how far you have come!,好吧...但你已经帮我们做了那么多事，放弃这最后一个请求的话真让人感到很遗憾啊！
PROPQUEST_SCENARIO_INC_001426,"I knew it all along. Reonan was right. There is truly greatness within you. I, and the people of Saint City, wish to bestow you with this gift of elemental cards. Use them wisely!",我就知道瑞尔南是对的。你真的是个伟大的人。我和晨光的人民们希望将这些元素卡作为你的谢礼。合理的使用它们吧！
PROPQUEST_SCENARIO_INC_001427,The Hobo should be in the Western Fantasy Desert. Please eliminate this threat!,独臂浪人在梦幻沙漠的西部。请消除他们的威胁！
PROPQUEST_SCENARIO_INC_001428,Kill Hobo and get the Hobo Sword.,杀死独臂浪人并拿到他们的剑。
PROPQUEST_SCENARIO_INC_001453,"Huh? You want me to show you the most powerful skill of mine? Hmm... If you want to see it, I can show you. Here! Put those pieces into my mouth. ah~~",哈？你想让我展示一下我最强的技能？嗯……既然你想看，那我就给你露一手。来！把那些碎片放进我嘴里。啊~~
PROPQUEST_SCENARIO_INC_001455,Mysterious Bounty Hunter,神秘的赏金猎人
PROPQUEST_SCENARIO_INC_001456,"Level 40 eh? You've really grown since our last meeting! Hmm, have you heard of a man named ""Ghost"" Hael? He is one of Madrigal's best known bounty hunters.","40级了吗？在我们没有见面的这段时间，你真的成长了不少啊！嗯，你有没有听过一个叫""幽灵""海尔的男人？他是瑞加大陆最知名的赏金猎人之一。"
PROPQUEST_SCENARIO_INC_001457,"His cold and mysterious demeanor have earned him the title ""Ghost"". I've heard from sources that he might be traveling through Flaris today.","他冷酷和神秘的气质让他获得了""幽灵""的称号。我从消息源处获知他今天将游历帕里。"
PROPQUEST_SCENARIO_INC_001458,"Would you perhaps seek him out for me? If you tell him my name, perhaps it will jog his memory…",你愿意替我把他找出来吗？如果你告诉他我们名字，有可能会唤醒他的记忆...
PROPQUEST_SCENARIO_INC_001459,Appreciate it! He will be appearing at Fountain of Dead Person in the Northern part of Flaris. Please find him.,非常感谢！他将会在帕里北部的亡者之泉出现。请去那找他。
PROPQUEST_SCENARIO_INC_001460,"What are you scared? I mean, he's not REALLY a ghost.",你在怕什么？我的意思是，他并不是真的幽灵。
PROPQUEST_SCENARIO_INC_001461,Sure is awfully hard to concentrate with you standing right there. What do you want?,站在那里很难集中精神。你想要什么？
PROPQUEST_SCENARIO_INC_001462,You haven't met Hael yet? He should be at the Fountain of Dead Person.,你还没见到海尔吗？他应该在亡者之泉的。
PROPQUEST_SCENARIO_INC_001463,Meet Hael and mention Reonan's name.,与海尔见面并提及瑞尔南。
PROPQUEST_SCENARIO_INC_001465,Time is Money,一寸光阴一寸金
PROPQUEST_SCENARIO_INC_001466,Wha? Someone named Reonan is looking for me? Sounds familiar but… UGH! I've got way too bad of a headache to be thinking about things right now.,哈？一个叫瑞尔南的人正在找我？这个名字听着很熟悉...啊！我现在一想这些事情我就头疼。
PROPQUEST_SCENARIO_INC_001467,"Reonan... It's the first time hearing that name, but it is familiar... He said its time? Time for what, I wonder…",瑞尔南...我第一次听到这个名字，但又如此熟悉...他说是时候了吗？我想知道，是时候是指什么？
PROPQUEST_SCENARIO_INC_001468,Regardless! I have my own goals and limited time so move along! There is a foul demon lurking in the Mars Mine with a bounty on its head JUST waiting to be claimed *sneer*,无所谓！我有自己的目标并且我的时间很有限，所以请你走开。一个正潜伏在魔域密殿的被悬赏了的邪恶的怪物正等着被我狩猎呢*嘲笑*。
PROPQUEST_SCENARIO_INC_001469,"UGH! Headache…getting…worse! OK look, here's the deal. You take out that Vice Veduque, give me the reward and I will meet your Reonan. Deal?",啊！头疼愈发严重了！好吧，看来只能这样了，我们来做个交易吧。你杀死蛇妖女，然后把奖励给我，我就和你去见瑞尔南。
PROPQUEST_SCENARIO_INC_001470,"Well, never expected you to accept THAT offer? Well anyway, go kill 10 Vice Veduque in Mars Mine then return to me!",真没想到你会接受这个条件。不管怎样，去魔域密殿杀死10个蛇妖女后回来见我！
PROPQUEST_SCENARIO_INC_001471,"No skin off my back! Planned to do it myself anyway. Just gotta, ya know, rest a minute or two…or three…",这对我没什么影响！我自己会计划好然后完成任务。只是，你知道的，我需要休息1分钟或者2分钟...或者3分钟吧...
PROPQUEST_SCENARIO_INC_001472,"Hmpf killed them huh? Well aren't we proud of ourselves. Anyway, while you were in Mars Mine, I thought again about this here… Reonan, or whatever his name is.",已经杀死他们了？我们不应该为自己感到骄傲吗。不管怎样，当你在魔域密殿时，我在这又想了想...瑞尔南，或者不管他叫什么名字。
PROPQUEST_SCENARIO_INC_001473,"*snores* huh!? What!? I was awake, just resting my eyes!",*打鼾*哈？什么！？我还清醒着呢，我只是让我的眼睛休息了一下！
PROPQUEST_SCENARIO_INC_001474,Kill 10 Vice Veduque and meet Hael.,杀死10个蛇妖女后与海尔见面。
PROPQUEST_SCENARIO_INC_001476,Seeing Through to the Past,回忆过往
PROPQUEST_SCENARIO_INC_001477,"Still not ringing any bells. Though, the name is familiar… Maybe Master Radeon can tell you something about the name. He took me in over 20 years ago and has been my mentor since.",还是没能回忆起任何东西。虽然，这个名字很熟悉..可能大师拉迪温可以告诉你关于这个名字的一些事情。他在20多年前接待了我并自那以后就一直是我的导师。
PROPQUEST_SCENARIO_INC_001478,I can hardly remember what I had for breakfast. Go talk with Master Radeon alright? I'm sure he might know something…,我几乎都想不起来我早餐吃了什么了。去和大师拉迪温谈一谈行吗？我相信他应该知道些什么...
PROPQUEST_SCENARIO_INC_001479,"Wow, seems like my headache is already lifting knowing I got you out of my hair. Master Radeon is on the other side of the Fountain of the Dead. Go see him!",哇，当我不再想你的事情之后，我的头就没那么疼了。大师拉迪温就在亡者之泉的另一边。去见他吧！
PROPQUEST_SCENARIO_INC_001480,You don’t want to do it? Alright...,你不想做？好吧……
PROPQUEST_SCENARIO_INC_001481,Hmm? So Reonan is inquiring of Hael? It appears that it is time…,嗯?所以瑞尔南正在调查海尔吗？看来是时候了...
PROPQUEST_SCENARIO_INC_001483,Find Master Radeon and ask about the Hael's past.,找到大师拉迪温并询问海尔的过去。
PROPQUEST_SCENARIO_INC_001485,Shards of Memory,记忆碎片
PROPQUEST_SCENARIO_INC_001486,"I have known Hael many years. When I first discovered him, he was laying there unconscious. I was able to nurse him back to health, but still he had no recollection of his memory. There is a way to recover it though…",我已经认识海尔很多年了。当我第一次找到他，他躺在地上不省人事，我可以照顾他使他恢复健康，但他却丢失了记忆。不过有一种方法可以让他恢复记忆...
PROPQUEST_SCENARIO_INC_001487,I feel there might be something important lost in his past. The only way to recover it would be by using a Memory Shard. This should allow Hael to uncover his past.,我推测他过去可能丢失了什么非常重要的东西。唯一恢复他记忆的办法就是使用记忆碎片。这将会揭开海尔的过去。
PROPQUEST_SCENARIO_INC_001488,"First, you will need to purify the shard by bringing it to the Magic Box Ancimys. Will you retrieve the purified Memory shard and bring it to Hael?",首先，你需要将碎片带去[魔盒] 安瑟麦斯处进行净化。你愿意取回纯净的记忆碎片并带给海尔吗？
PROPQUEST_SCENARIO_INC_001489,Please locate the Memory Shard which should be somewhere around the Altar of Violet in Northern Flaris. There are Violet Magician Troupe patrolling the area.,记忆碎片可能在帕里北部的紫色的祭团处。那里游荡着紫色魔法剧团长。
PROPQUEST_SCENARIO_INC_001490,"If you wish Hael's assistance, this might be the only chance you have…",如果你想获得海尔的帮助，这可能是你唯一的机会了...
PROPQUEST_SCENARIO_INC_001491,Hey! You act like you haven't seen a man trapped in a treasure chest before. Oh you come bearing Memory Shards to be purified?,嘿！你没见过被困在宝箱里的人吗？噢，你带着记忆碎片来净化了吗？
PROPQUEST_SCENARIO_INC_001492,"Please acquire the Memory Shard located at the Altar of Violet, and bring it to Ancimys for purification.",请去取得位于紫色的祭团的记忆碎片，然后带去给安瑟麦斯进行净化。
PROPQUEST_SCENARIO_INC_001493,Locate the Memory shard in Northern Flaris and bring it to Ancimys,在帕里北部找到记忆碎片并带给安瑟麦斯
PROPQUEST_SCENARIO_INC_001495,A Chest full of Memories,充满回忆的箱子
PROPQUEST_SCENARIO_INC_001496,"I will purify the Memory Shards sure, but first a joke!",当然，我会净化记忆碎片。但你首先得听我说一个笑话！
PROPQUEST_SCENARIO_INC_001497,"Haha, well since you were so kind to listen here is your crystal. Now go ahead and take it!",哈哈，既然你这么善良的愿意听我讲笑话，那就给你记忆碎片吧！上前来拿着它吧。
PROPQUEST_SCENARIO_INC_001498,Thanks again for listening. The Pukepukes around here don't have a very good sense of humor! Haha!,再次感谢你的倾听。这附近的邪精灵随从一点幽默感都没有，真是无聊！哈哈！
PROPQUEST_SCENARIO_INC_001499,"What's the deal with this weird looking stone? Oh, for helping me to recall my lost thoughts you say? Oh well, worth a shot!",这个看起来奇奇怪怪的石头有什么用吗？你说这是用来帮助我恢复记忆的？噢，好吧，值得一试！
PROPQUEST_SCENARIO_INC_001500,"Oh back so soon? Don't worry I have plenty more jokes! So what do you get when you cross an Aibatt with... Er wait, I forgot how it goes...",哦，这么快就回来了？别担心，我还有很多笑话！那么，当你和艾巴特过马路时，你会得到什么……呃，等等，我忘了怎么回事了……
PROPQUEST_SCENARIO_INC_001501,Bring the purified Memory Shard to Hael.,将净化后的记忆碎片带给海尔。
PROPQUEST_SCENARIO_INC_001503,The First Pendant,第一条项链
PROPQUEST_SCENARIO_INC_001504,"Woahhhh now, everything is finally clear. Hah...Hah... I finally remember... I can't believe this... I recall Reonan now...",哇哦，现在，一切都清楚了。哈……哈……我终于想起来了……真不敢相信……我现在想起来了……
PROPQUEST_SCENARIO_INC_001505,We were once good friends who stood together against a great threat… only at that time… we went by different names… I'm sure you will understand in time.,我们曾是一起对抗邪恶威胁的非常要好的朋友..只是那段时间...我们使用了不同的名字...我相信你会马上理解的。
PROPQUEST_SCENARIO_INC_001506,"Here, take this to Reonan. It's a pendant once shared amongst several old comrades… He'll understand when he sees it…",给你，把这个交给瑞尔南。这是曾经的战友都佩戴过的一条项链...当他看见这个的时候他会明白的...
PROPQUEST_SCENARIO_INC_001507,"As for now, I have business to attend to. I will catch up with you guys later. Try not to miss me too much and stuff *sneer*",至于现在，我还有事情需要处理。我之后会赶上你们的。尽量不要太想我了 *嘲笑声*
PROPQUEST_SCENARIO_INC_001508,"Well, I'm in no real hurry. Just take the pendant to Reonan whenever you have the chance.",我现在也不着急。当你有时间的时候就把项链带给瑞尔南就行了。
PROPQUEST_SCENARIO_INC_001509,This pendant… It was a symbol of the trust that I once shared with Hael. I've been hoping to find him for awhile now to no avail…,这条项链...这是我曾和海尔分享的信任的象征。我一直希望能找到他，但却找不到…
PROPQUEST_SCENARIO_INC_001510,Take the pendant to Reonan soon. I didn't give it to you as a keepsake.,尽快将这条项链带给瑞尔南。我并不是把这个给你当作纪念品的。
PROPQUEST_SCENARIO_INC_001511,Bring the pendant from Hael to Reonan.,将从海尔处获得的项链带给瑞尔南。
PROPQUEST_SCENARIO_INC_001513,Quest for Truth,追寻真相
PROPQUEST_SCENARIO_INC_001514,Lost memory you say? Must have been hard for him wandering around so aimlessly with no true identity. We will give him time to gather his thoughts…,你提到了失忆？对他来说，记不起自己是谁，只能漫无目地四处游荡，肯定很难。我们还是给他留一点时间让他整理一下他的记忆吧...
PROPQUEST_SCENARIO_INC_001515,"In the meantime, are you aware of the Garden of Rhisis? It is the landmass Northeast of Saint Morning. My friend Handel is currently conducting research there.",与此同时，你注意到了莱斯庭院吗？他是晨光东北部的陆地。我的朋友汉德尔正在那里做研究。
PROPQUEST_SCENARIO_INC_001516,Her work takes much time and the constant threat of masquerpet attacks doesn't help the process. Will you please go and assist her?,她的工作花了很多时间，同时因为怪物们的持续威胁攻击让这个过程越发困难。你愿意前去帮助她吗？
PROPQUEST_SCENARIO_INC_001517,You can reach the Garden of Rhisis by flying Northeast from the continent of Saint Morning. Please go there and meet up with Handel,你可以从晨光东北部飞到莱斯庭院。请去那里与汉德尔见面。
PROPQUEST_SCENARIO_INC_001518,"Hah, I see! After using all those town blinkwings, you've already forgotten how to fly.",哈，我明白了！在使用了所有这些城市的翅膀之后，你已经忘记了如何飞行。
PROPQUEST_SCENARIO_INC_001519,Welcome to the Garden of Rhisis. I have been expecting you. Do you understand the nature of my research?,欢迎来到莱斯庭院。我一直在期待你的到来。你了解我研究的内容吗？
PROPQUEST_SCENARIO_INC_001520,Handel is in the Northern part of the Garden of Rhisis. Please go locate her!,汉德尔在莱斯庭院的北部，请去找她。
PROPQUEST_SCENARIO_INC_001521,Go find Handel in the Garden of Rhisis.,在莱斯庭院找到汉德尔。
PROPQUEST_SCENARIO_INC_001523,Slaves to Shade,谢莉德的奴隶
PROPQUEST_SCENARIO_INC_001524,"You know where these monsters come from right? According to the records, they were the creation of Shade. Angered by her inability to destroy all of Roika, she plagued the lands with these foul beasts.",你知道这些怪物是从哪里来的对吗？根据记录，他们是谢莉德的产物。谢莉德因无法摧毁罗伊卡而愤怒，她用这些肮脏的野兽折磨着这片大陆。
PROPQUEST_SCENARIO_INC_001525,"Shade and her monsters succeeded in taking over all of Madrigal. She was subsequently defeated by 8 brave heroes who all rose to the challenge, restoring peace to the land.",谢莉德和她的怪物们成功的掌控了瑞加大陆。但随后她被八位勇敢的英雄奋起反抗打败了，这些英雄将和平再次带给了大陆。
PROPQUEST_SCENARIO_INC_001526,"Shade is now dead, but monsters that she created still exist. In fact, they seem to be growing stronger and greater in number. I'm here in the hopes of uncovering some sort of answer.",谢莉德已经死亡了，但是她创造的怪兽仍然存在。实际上，他们数量正在增加并且力量正在变强。我来到这就是问了寻求这个情况的答案。
PROPQUEST_SCENARIO_INC_001527,Research is difficult with the constant threat of Tombstone Bearers around. Will you please help buy me some time by defeating them?,由于碑石工匠在周围不断地威胁安全，研究很难正常开展。你愿意花点时间帮我打败他们吗？
PROPQUEST_SCENARIO_INC_001528,Thank you for your assistance. Killing 15 Tombstone Bearers should allow me ample time to complete my research.,谢谢你的协助。杀死15个碑石工匠应该就可以让我有足够时间完成我的研究了。
PROPQUEST_SCENARIO_INC_001529,"For the sake of truth, please do not pass up my request!",为了追求真相，请不要拒绝我的请求！
PROPQUEST_SCENARIO_INC_001530,"I've done it!! Because of your bravery, I've found an important piece of information.",我已经完成了！！因为你的勇敢，我已经找到了一条非常重要的信息。
PROPQUEST_SCENARIO_INC_001531,I'm still in the process of research. Please go and defeat 15 Small Tombstone Bearers & 7 Tombstone Bearers while I complete my work!,我仍在继续做研究。请在我完成我工作的同时，前去杀死15个碑石工匠学徒和7个碑石工匠。
PROPQUEST_SCENARIO_INC_001532,Defeat 15 Small Tombstone Bearers & 7 Tombstone Bearers.,杀死15个碑石工匠学徒和7个碑石工匠。
PROPQUEST_SCENARIO_INC_001534,Endless Loop,无尽的循环
PROPQUEST_SCENARIO_INC_001535,"While conducting my research, I found something of interest about the pillars carried by the Tombstone Bearers. It looks similar to those of Shade's temple.",在进行研究时，我发现在碑石工匠携带的石碑上有一些很有趣的东西。它看起来和谢莉德的神殿很像。
PROPQUEST_SCENARIO_INC_001536,"Upon looking further into the information, I found that Tombstone Bearers were actually slaves of Shade that built her temple. But why would they be here in the Garden of Rhisis?",在进一步调查信息后，我发现碑石工匠实际上是谢莉德的奴隶，他们建造了她的寺庙。但是他们为什么会在莱斯庭院里？
PROPQUEST_SCENARIO_INC_001537,I need to acquire more data! Would you help me further by acquiring an Ancient Inscription? This might provide the insight I'm looking for!,我需要获得更多的数据！你愿意进一步帮助我获得一个古代铭文吗？这可能会让我获得一直寻找的灵感！
PROPQUEST_SCENARIO_INC_001538,I knew you would have accepted. You too yearn to discover the truth! You can find a Ancient Inscription by defeating any of the Tombstone Bearers,我知道你会接受的。你太渴望发现真相了！你可以通过杀死任何一个碑石工匠拿到古代铭文。
PROPQUEST_SCENARIO_INC_001539,How could you decline? This could potentially reveal so much to us about Shade's masquerpets and their growing strength!,你怎么能拒绝？这可是能让我们摸清谢莉德的那些底细的大好机会，还能知道它们的势力是怎么一天天壮大的！
PROPQUEST_SCENARIO_INC_001540,You got it!! Please hand it over quickly for me to analyze!,没错！！请尽快将它交给我分析！
PROPQUEST_SCENARIO_INC_001541,"Even if you don't initially receive an Ancient Inscription, keep defeating them! I'm sure one of these Tombstone Bearers is bound to have the Ancient Inscription!",如果你第一次没能拿到古代铭文，那就继续击杀他们！我相信这些碑石工匠中肯定有一个会掉落古代铭文的！
PROPQUEST_SCENARIO_INC_001542,Acquire an Ancient Inscription from one of the Tombstone Bearers.,从碑石工匠中获取古代铭文。
PROPQUEST_SCENARIO_INC_001544,Essence of the Gods,神的意识
PROPQUEST_SCENARIO_INC_001545,It's of no use… The stamp is just too damaged to gather much significant information. It did allude to the War of the Gods though…,这没用...这个印记被破坏得太严重了，我没法从中收集足够多的重要信息。但它确实暗指了神的战争...
PROPQUEST_SCENARIO_INC_001546,"I know from lore that, during this time, Bubble decided to take action against Shade and her masquerpet army. A battle occurred between the gods at this very location.",我从传说中了解到，在那段时期，波卜尔决定采取行动对抗谢莉德和她的怪物军团。就在这个地方，众神之间发生了一场战斗。
PROPQUEST_SCENARIO_INC_001547,It is rumored that the essence of both gods remains in this garden till this day. Could you please find the Bubble Trace for me?,据传，这两位神的意识至今仍留在这座花园里。请问你可以为我寻找到波卜尔的踪迹吗？
PROPQUEST_SCENARIO_INC_001548,"Please defeat the Basques in the North and acquire the Bubble Trace. Once you have this, take it to Bowler. He knows much more ancient lore than myself.",请击杀北部的巴斯克斗士并获取波卜尔的踪迹。当你拿到后，请将它带给保罗克。他比我知道更多古代传说。
PROPQUEST_SCENARIO_INC_001549,You don't want to help me? Oh well... Then I will go myself...,你不想帮我？哎呀……那我自己去……
PROPQUEST_SCENARIO_INC_001550,"Hmm? Yes I am Bowler, last keeper of the lore of this continent. WHAT!? You come bearing the Bubble Trace!?",嗯?是的，我就是保罗克，这个大陆上最后的传说的守护者。什么！？你带着波卜尔的踪迹来的！？
PROPQUEST_SCENARIO_INC_001551,"Please kill 15 Basques, acquire the Bubble Trace and take it to Bowler.",请杀死15个巴斯克斗士，在拿到波卜尔的踪迹后将它带给保罗克。
PROPQUEST_SCENARIO_INC_001552,Kill 15 Phantom Basques & 7 Basques and find the Bubble Trace and bring it to Bowler.,杀死15个轻量级巴斯克斗士和7个巴斯克斗士，并找到波卜尔的踪迹后交给保罗克。
PROPQUEST_SCENARIO_INC_001554,Essence of the Gods (2),神的意识（2）
PROPQUEST_SCENARIO_INC_001555,"According to my ancestors, this region was once a primary location for a massive conflict between Bubble and Shade. Lets put it this way, Madrigal was once all one continent before this war…",据我的先祖们说，这个区域曾是波卜尔和谢莉德之间的巨大冲突的主要发生地。这么说吧，瑞加大陆是在这场战争之前还是完整的一块大陆...
PROPQUEST_SCENARIO_INC_001556,"We must also acquire the Shade trace. It's rumored to be held by the Pranksters, the last remnants of the followers of Shade. As you can see, I'm a tad too short to confront them. Could you get it for me?",我们还必须获得谢莉德痕迹。有传言说，它是由谢莉德追随者最后的残余物恶作剧者持有的。正如你所看到的，我太弱小了，无法面对他们。你能帮我拿一下吗？
PROPQUEST_SCENARIO_INC_001557,I appreciate the assistance. Please go Kill 15 Small Mage Pranksters & 7 Pranksters and acquire the Shade trace.,感谢你的协助。请去击杀15个见习小丑术士和7个小丑术士，并获得谢莉德的踪迹。
PROPQUEST_SCENARIO_INC_001558,What? Expect a poor little Dwarpet such as myself to take on an army of Pranksters?,什么？期待像我这样可怜的小矮人来对付一群恶作剧者？
PROPQUEST_SCENARIO_INC_001559,"So according to Bowler, this was the site of the battle between Bubble and Shade? The essence of each that you contain is definitive proof of this.",按照保罗克所说的，这个地方就是波卜尔和谢莉德发生战争的地方？你所拥有的每一份意识就是这一点的确凿证据。
PROPQUEST_SCENARIO_INC_001560,"Kill 15 Small Mage Pranksters & 7 Pranksters, find the Shade Trace and bring it to Handel.",杀死15个见习小丑术士和7个小丑术士，找到谢莉德的踪迹并将它带给汉德尔。
PROPQUEST_SCENARIO_INC_001561,"Kill 15 Small Mage Pranksters & 7 Pranksters, acquire the Shade Trace and bring it to Handel.",杀死15个见习小丑术士和7个小丑术士，获取谢莉德的踪迹并将其带给汉德尔。
PROPQUEST_SCENARIO_INC_001563,Guardians of the Temple,圣殿守护者
PROPQUEST_SCENARIO_INC_001564,"This essence of Shade is concerning… After the 8 Heroes had defeated Shade, all remnants of her existence were to be purged to prevent her return.",在八大英雄击败谢莉德后，谢莉德意识的存在仍让人担忧....为了防止她的回归，她存在的所有残余都需要被清除。
PROPQUEST_SCENARIO_INC_001565,"If her essence remains, this is very bad… Stored in the Temple of Iblis is the Parchment of War. Please head there and retrieve it for me.",如果她的本质仍然存在，那就太糟糕了……存放在依普利神殿里的是战争卷轴。请前往那里为我取回。
PROPQUEST_SCENARIO_INC_001566,The Temple of Iblis is in the Southern most region of Saint Morning. The records are guarded by both Iblis Crashers and an Iblis Guardian so please defeat them to obtain it!,依普利神殿就在晨光的最南部的地区。记录中所描述的伊普里斯神庙由秘殿破坏者和秘殿警戒者共同守卫，所以请击败他们拿到羊皮纸！
PROPQUEST_SCENARIO_INC_001567,We've come too far to just quit now! Please reconsider!!,我们已经做了那么多，不能现在退出！请重新考虑！！
PROPQUEST_SCENARIO_INC_001568,You've made it back with the Parchment!,你带着战争卷轴回来了！
PROPQUEST_SCENARIO_INC_001569,Please bring the Parchment of War after defeating 10 Iblis Crashers and an Iblis Guardian.,请击败10个秘殿破坏者和1个秘殿警戒者，带回战争卷轴。
PROPQUEST_SCENARIO_INC_001570,Bring Handel the Parchment of War after defeating 10 Iblis Crashers and an Iblis Guardian.,击败10个秘殿破坏者和1个秘殿警戒者，带回战争卷轴。
PROPQUEST_SCENARIO_INC_001572,Before He's Road kill…,在他被杀之前…
PROPQUEST_SCENARIO_INC_001573,Please you must quickly hurry to Bowler! It seems the Wheelems near him have grown increasingly aggressive and he has grown quite fearful!,你必须赶紧去保罗克那！他身边的独轮蒸汽机似乎变得越来越有攻击性，他现在非常害怕！
PROPQUEST_SCENARIO_INC_001574,"Will you hurry to his aid? In the meanwhile, I will attempt to decrypt these records. I know they contain something worthwhile!!",你快点帮他好吗？与此同时，我会尝试解密这些记录。我知道里面有些有价值的东西！ ！
PROPQUEST_SCENARIO_INC_001575,Your assistance is truly appreciated! Hurry and defeat 20 Rough Wheelems & 10 Wheelems then report to Bowler!,非常感谢你的帮助！请尽快杀死20个轻型独轮蒸汽机和10个中型独轮蒸汽机后向保罗克报告！
PROPQUEST_SCENARIO_INC_001576,Oh no!! You must help him! Bowler doesn't stand a chance against those vicious Wheelems!,哦，不！！你必须帮助他！保罗克根本没有能力对抗那些恶毒的独轮蒸汽机！
PROPQUEST_SCENARIO_INC_001577,"That was too close of a call! The Wheelems generally left me alone. For whatever reason, they suddenly grew violent and attempted to attack me while I was out near their territory.",你来得太及时了！独轮蒸汽机怪物们一般都会让我一个人呆着。不知出于什么原因，当我在他们的地盘附近时，他们突然变得暴力起来，并试图攻击我。
PROPQUEST_SCENARIO_INC_001578,Hurry! Kill 20 Rough Wheelems & 10 Wheelems before they can reach Bowler!,快！在独轮蒸汽机怪物们到达保罗克那之前，杀死20个轻型独轮蒸汽机和10个中型独轮蒸汽机！
PROPQUEST_SCENARIO_INC_001579,Kill 20 Rough Wheelems & 10 Wheelems and report to Bowler.,杀死20个轻型独轮蒸汽机和10个中型独轮蒸汽机后向保罗克汇报。
PROPQUEST_SCENARIO_INC_001581,The Moment of Truth,真相时刻
PROPQUEST_SCENARIO_INC_001582,"The number of Wheelems has increased so much since I last remember. If it weren't for you, I would have been Dwarpet road kill…",独轮蒸汽机的数量比上次增长了很多。如果不是你，我估计已经被杀死了...
PROPQUEST_SCENARIO_INC_001583,Has Handel finished her research? Oh! She is currently decrypting the Parchment of War? Will you hurry back to her and find if she has finished?,汉德尔完成了她的研究吗？哦！她现在正在解密战争卷轴？你会快点回到她身边，看看她是否已经完成了？
PROPQUEST_SCENARIO_INC_001584,"Tell Handel that I said thanks for her concern… If she need my help, feel free to find me at anytime!",请告诉汉德尔我很感谢她的关心... 如果她需要我的帮助，可以随时随地找我！
PROPQUEST_SCENARIO_INC_001585,"Look I know I'm great and you would love to spend time with me, but this is sort of important!",听着，我知道我很棒，你也很想和我在一起，但这件事很重要！
PROPQUEST_SCENARIO_INC_001586,I'm glad to see you… I have to finish decrypting the Parchment,很高兴见到你…但我得先破解战争卷轴
PROPQUEST_SCENARIO_INC_001587,Go see Handel. She should be done with decrypting the parchment.,去见汉德尔。她应该把卷轴解密了。
PROPQUEST_SCENARIO_INC_001588,Return to Handel and see if she has decrypted the Parchment.,回到汉德尔那里，看看她是否解密了卷轴。
PROPQUEST_SCENARIO_INC_001590,Revelation,启示录
PROPQUEST_SCENARIO_INC_001591,Why am I looking so distraught after analyzing the text you ask? Well… I guess the results are not what I would have wanted…,为什么在分析了你问的文字后我看起来如此心烦意乱？嗯…我想这不是我想要的结果…
PROPQUEST_SCENARIO_INC_001592,"The records indicate that despite the efforts made by the 8 heroes to expunge any trace of Shade's existence, her essence still persists throughout this world.",记录显示，尽管8位英雄努力抹去了谢莉德存在的所有痕迹，但她的意识仍然存在于世界各地。
PROPQUEST_SCENARIO_INC_001593,"When the time is right, she will regain her physical form and return anew to command her masquerpet army. It is her intention to reclaim the known world as her own…",当时机成熟时，她将恢复她的肉身，然后重新回来指挥她的怪物军队。她想把现在这个世界变成她能独自霸权的世界…
PROPQUEST_SCENARIO_INC_001594,You must go and talk to Reonan as soon as possible. We no longer have time to waste. Please find him!,你必须尽快去和瑞尔南谈谈。我们没多少时间可以浪费了。请尽快找到他！
PROPQUEST_SCENARIO_INC_001595,Reonan still hasn't explained to you the exact nature of the 8 heroes has he? I feel you are ready to know the truth and the role you play in this all…,瑞尔南还没有向你解释8个英雄的真实本质，对吗？我觉得你已经准备好了解真相以及你在这一切中所扮演的角色…
PROPQUEST_SCENARIO_INC_001596,I'm sorry if you feel uncertain about this all. Take some time to think it over…,如果你对这一切感到不坚定，我为此感到抱歉。但请你花点时间考虑一下…
PROPQUEST_SCENARIO_INC_001597,Greetings again! Ohhh…so this is what Handel has brought to light.,再次见面了！噢... 所以这就是汉德尔所发现的真相。
PROPQUEST_SCENARIO_INC_001598,Please hurry back to Reonan. I'm sure he will explain everything!,请快回到瑞尔南身边。我相信他会解释一切的！
PROPQUEST_SCENARIO_INC_001599,Return to Reonan with the results of Handel's research.,带着汉德尔的研究结果去找到瑞尔南。
PROPQUEST_SCENARIO_INC_001601,Darkon: The Mysterious Continent,达肯：神秘的大陆
PROPQUEST_SCENARIO_INC_001602,"This is more urgent that I thought… I was aware of the impending return of Shade, but this soon? I'm sorry I had to hide so much from you. Here is the truth…",这比我想象的更紧迫……我意识到谢莉德即将回归，但这么快？对不起，我不得不对你隐瞒这么多。这是事实……
PROPQUEST_SCENARIO_INC_001603,"Handel, Hael and I share a common past. We are all reincarnations of the 8 original heroes to defeat Shade in the War of the Gods. I was the first Knight Hero...",汉德尔、海尔和我有着共同的过去。我们都是在众神之战中击败谢莉德的8位初始英雄的转世。我就是第一个骑士英雄...
PROPQUEST_SCENARIO_INC_001604,"We were all appointed by Bubble as champions of our respective classes, and led the armies of mankind against Shade and her masquerpets.",我们都被波卜尔任命为各自职业的领袖，带领人类军队对抗谢莉德和她的怪物军队。
PROPQUEST_SCENARIO_INC_001605,I feel it is due time for a reunification of the original 8 heroes... I know the other reincarnations are out there. I just hope we will be able to convince the rest of them. We don't have much time…,我觉得是时候让初始的8位英雄回归了...我知道其他转世者也在那里。我只希望我们能说服其他人。我们没有太多时间了…
PROPQUEST_SCENARIO_INC_001606,"It has come to my attention that several of the other heroes are currently residing in a large continent known as Darkon. For Madrigal's sake, would you be able to track them down?",我注意到，其他几位英雄目前居住在一个被称为达肯的大陆上。为了瑞加大陆，你能找到他们吗？
PROPQUEST_SCENARIO_INC_001607,Make haste to meet the Mayor of Darkon. He sees over the main industrial town located in Darkon 2. Maybe he will have further information about the missing heroes.,赶快去见达肯市长。他位于达肯2的主要工业城镇。也许他会有更多关于失踪英雄的信息。
PROPQUEST_SCENARIO_INC_001608,"I know it is a lot to take in, but you are going to have to trust me on this one. We don't have any time to waste.",我知道这很难接受，但在这件事上你必须相信我。我们没时间浪费了。
PROPQUEST_SCENARIO_INC_001609,"Oh! Hello young adventurer. You shouldn't sneak up on a man my age, nearly gave me a heart attack. Hahaha!!",噢！！你好，年轻的冒险家。你不应该偷偷靠近我这个年纪的男人，这差点让我的心脏病发作。哈哈哈！！
PROPQUEST_SCENARIO_INC_001610,"You must locate the heroes of the past, so that Madrigal might have a future. Please speak with the Mayor of Darkon. I guarantee he will know something…",你必须找到过去的英雄，这样瑞加大陆才可能有未来。请跟达尔肯市长谈谈。我保证他会知道一些事情…
PROPQUEST_SCENARIO_INC_001611,Go meet the Mayor of Darken located in Darkon 2. Maybe he will have more information on the missing heroes.,去见达肯 2的达肯市长。也许他会有更多关于失踪英雄的信息。
PROPQUEST_SCENARIO_INC_001613,The Problem with Leyenas,高地猎犬的麻烦
PROPQUEST_SCENARIO_INC_001614,"What's this you speak of? Heroes? Can't say I've heard anything about that… But, I believe I know a person who may have…",你说的是什么？英雄？我不能说我听说过这件事……但是，我相信我认识一个可能……
PROPQUEST_SCENARIO_INC_001615,Oh you want to know? Of course I will tell you… But first perhaps you could do me a favor?,你想知道吗？我当然会告诉你…但首先也许你能帮我个忙吗？
PROPQUEST_SCENARIO_INC_001616,I am frequently in touch with the mayors of both Saint City and Flarine. I have heard of your heroic actions and request your aid. There has been a dramatic increase in Leyena populations.,我经常与晨光和帕里的市长保持联系。我听说了你的英勇行为。我现在需要你的帮助。现在高地猎犬的数量急剧增加。
PROPQUEST_SCENARIO_INC_001617,They have made it awfully hard for our workers to collect a rare ore which is a staple export here in Darken. Please defeat the Leyena and I will give you the information.,它们让我们的工人很难收集一种稀有矿石，这种矿石是达肯的主要出口产品。请打败高地猎犬，我会告诉你你想知道的一些信息。
PROPQUEST_SCENARIO_INC_001618,Thank you adventurer! The Leyena can be found in Eastern Darkon. Please decrease their population by killing 20 Small Leyenas and 10 Leyenas.,谢谢你，我的冒险家！高地猎犬可以在达肯东部找到。请通过杀死20只高地幼犬和10只高地猎犬来减少它们的数量。
PROPQUEST_SCENARIO_INC_001619,"Hmm, what was it you needed again? My mind seems to be getting fuzzy... Since you are here, why not do some sightseeing?",嗯，你还需要什么？我的头脑似乎变得糊涂了... 既然你都来这了，为什么不观光一下呢？
PROPQUEST_SCENARIO_INC_001620,Hah! It is just as I have heard. You are truly a problem saver! Now to uphold my end of the bargain!,哈！正如我所听说的那样。你真是个问题拖延者！但现在我坚持我的协议！
PROPQUEST_SCENARIO_INC_001621,Well? I'm not getting any younger! The Leyena are found in Eastern Darkon. Please get rid of at least 20 Small Leyenas and 10 Leyenas!,我不再年轻了！高地猎犬可以在达肯东部找到。请除掉至少20个高地幼犬和10个高地猎犬！
PROPQUEST_SCENARIO_INC_001622,Kill 20 Small Leyenas and 10 Leyenas.,请杀死20个高地幼犬和10个高地猎犬！
PROPQUEST_SCENARIO_INC_001624,The Great Teacher Inisis,伟大的导师 - 伊内瑟丝
PROPQUEST_SCENARIO_INC_001625,Search out the Great Teacher Inisis. She has a wealth of knowledge on many subjects and has produced many outstanding students. If anyone knows it would be her.,寻找伟大的导师伊内瑟丝。她拥有丰富的学科知识，培养了许多优秀的学生。如果所有人都认识某个人，那这个人就是她了。
PROPQUEST_SCENARIO_INC_001626,Inisis can be found at the center of Darken. Please go see her! I'm sure she will be of assistance!,伊内瑟丝可以在达肯市中心找到。请去见她！我相信她可以提供帮助！
PROPQUEST_SCENARIO_INC_001627,But be patient! Inisis will hardly give you the answers you seek so quickly!,但是要有耐心！伊内瑟丝很难如此迅速地给你答案！
PROPQUEST_SCENARIO_INC_001628,Changed your mind already? Guess the task wasn't that important then.,你已经改变主意了吗？我猜任务当时没那么重要。
PROPQUEST_SCENARIO_INC_001629,Hmm... You are new here aren't you? Have you journeyed all this way to become one of my students?,嗯……你是新来的吧？你是否为了成为我的学生而走过这么远的路？
PROPQUEST_SCENARIO_INC_001630,Go see Inisis. She is at the center of Darken.,去见伊内瑟丝。她就在达肯市中心。
PROPQUEST_SCENARIO_INC_001631,Go meet [Mentor] Inisis.,去见[导师] 伊内瑟丝。
PROPQUEST_SCENARIO_INC_001633,Corrupted Hunter,堕落的猎人
PROPQUEST_SCENARIO_INC_001634,"8 legendary heroes? Hmm… Maybe… I have a person in my mind… but, I can't tell you so easily. First you must do something to show you are worthy of such information.",8位传奇英雄？嗯…好像…我脑子里有一个人…但是，我不能这么轻易地告诉你。首先，你必须做点什么来证明你值得这样的信息。
PROPQUEST_SCENARIO_INC_001635,Foul monsters known as Trangfoma have been reported kidnapping civilians outside of the city. They are lead by a powerful lord Trangfoma. It needs to be defeated.,据说，被称为淘金者的肮脏怪物在城市外绑架了平民。他们由强大的领主领导。需要击败它。
PROPQUEST_SCENARIO_INC_001636,Please kill the Lord Trangfoma located in Eastern Darkon. He won't go down so easily so I would recommend enlisting the help of fellow warriors such as yourself.,请杀死位于达肯东部的淘金者之王。他不会轻易倒下，所以我建议你寻求像你这样的战士的帮助。
PROPQUEST_SCENARIO_INC_001637,"If you don't have time for this, I don't have time to give you the information you seek…",如果你没有时间做这件事，我同样也没有时间给你你想要的信息…
PROPQUEST_SCENARIO_INC_001638,hmm… Impressive. You are stronger than you look. I will give you everything you need to know now.,嗯…真令人印象深刻。你比你看起来要更强大。我会告诉你你想知道的一切。
PROPQUEST_SCENARIO_INC_001639,Please relieve us of this threat. The Lord Trangfoma should be in Eastern Darkon.,请帮我们解除这一威胁。淘金者之王应该在达肯东部。
PROPQUEST_SCENARIO_INC_001640,Kill the Lord Trangfoma.,击杀淘金者之王
PROPQUEST_SCENARIO_INC_001642,Peculiar Creature,怪兽
PROPQUEST_SCENARIO_INC_001643,"Normally I'd be skeptical of such a claim, but I do recall coming across quite a peculiar sight…",一般来说我会对这种说法持怀疑态度，但我确实记得我遇到过一个非常奇怪的景象…
PROPQUEST_SCENARIO_INC_001644,"While out traveling, I came across a creature most bizarre not too far East of Darken City.",外出旅行时，我在达肯城以东不远的地方遇到了一种非常奇怪的生物。
PROPQUEST_SCENARIO_INC_001645,"It looked like an animal, yet it seemed to be talking. It seems quite peculiar and might warrant an investigation. I'm not sure if this will actually help you or not…",它看起来像一只动物，但似乎又在说话。这似乎很奇怪，因此需要进行调查。我不确定这是否真的对你有帮助…
PROPQUEST_SCENARIO_INC_001646,Please go investigate the nature of this matter. Maybe this creature might know something as well?,请前去调查此事的真相。也许这个生物也知道些什么？
PROPQUEST_SCENARIO_INC_001647,"I saw the creature near the Steel Knights, which reside in the Erons Factories. Go look for it there!",我在绿磷石工厂的钢甲骑士附近看到了这个生物。去那里找它！
PROPQUEST_SCENARIO_INC_001648,What? You don't believe me? Not like your story is any more believable!,什么你不相信我？难道你的故事就值得相信吗！
PROPQUEST_SCENARIO_INC_001649,Hi! My name is Reodos...Oh come on! It's not like you are all that normal looking either!,你好！我叫里奥多斯... 哦，来吧！你看起来也不是那么正常！
PROPQUEST_SCENARIO_INC_001650,"A truly mysterious creature indeed… You can find it in the Erons Factories, near the Steel Knights.",它确实是一种神秘的生物...你可以在开采场钢甲骑士附近找到它。
PROPQUEST_SCENARIO_INC_001651,Find the Mysterious Creature.,找到那个神秘的生物。
PROPQUEST_SCENARIO_INC_001653,Steel Knight Night!,钢甲骑士之夜！
PROPQUEST_SCENARIO_INC_001654,"What's that!? A reunification of the 8 heroes! You happen to be looking at one of them! I am Reodos, the mighty Ele…",那是什么！？八英雄的回归！你现在看到的正好是八位英雄中的其中一位！我是里奥多斯，强大的元素…
PROPQUEST_SCENARIO_INC_001655,Well… was a mighty Elementor Hero… Shade cursed me. Trapping me in this cute furry little body was apparently the only way to contain all this power! Bwahaha!,嗯…是一个强大的元素英雄…谢莉德诅咒了我。显然把我困在这个可爱的毛茸茸的小身体里是控制我所有力量的唯一方法！哇哈哈哈哈！
PROPQUEST_SCENARIO_INC_001656,"I will have my vengeance upon Shade, she will scorn the day she ever messed with Reodos! Now I just need to figure a cure for this curse and…",我会向谢莉德复仇，她会后悔那天她和里奥多斯闹翻了脸！现在我只需要找到治愈这个诅咒的方法，然后…
PROPQUEST_SCENARIO_INC_001657,Man! I can hardly hear my own thoughts with these stupid Steel Knights clanking around. Could you please get rid of some of them?,伙计！我几乎听不到自己的想法，这些愚蠢的钢铁骑士在叮当作响。你能把其中的一些干掉吗？
PROPQUEST_SCENARIO_INC_001658,"Awesome!! I'm trying to research into removing this curse but UGHHH those stupid Steel Knights! Kill like 20 Small Steel Knights & 10 Steel Knights. and I will be one happy unicorn, dog thing…",完美！！我正试图研究如何消除这个诅咒，但是，啊啊啊啊，这些愚蠢的钢甲骑士们。杀死20个钢甲见习骑士和10个钢甲骑士。然后我将成为一只快乐的独角兽，一只快乐的狗…
PROPQUEST_SCENARIO_INC_001659,You can't do that for me?,你不能为我完成这件事吗？
PROPQUEST_SCENARIO_INC_001660,Ah! Now I can collect my thoughts. What? You look at me like you've never met an Elementor before. Er… we are all a little eccentric I guess you could say.,啊！现在我终于可以集中注意力了。干嘛啊？你看着我，就像你从未见过元素使者一样。呃…我想你可以说我们都有点古怪。
PROPQUEST_SCENARIO_INC_001661,"Yes, yes the Steel Knights! Please eradicate 20 Small Steel Knights & 10 Steel Knights!",是的，是的，钢甲骑士！请消灭20个钢甲见习骑士和10个钢甲骑士！
PROPQUEST_SCENARIO_INC_001662,Kill 20 Small Steel Knights and 10 Steel Knights.,杀死20个钢甲见习骑士和10个钢甲骑士。
PROPQUEST_SCENARIO_INC_001667,Trials and Tribulations,考验与磨难
PROPQUEST_SCENARIO_INC_001668,Oh! This pendant belonged to Reodos! So you found him after all? This is indeed great news!,哦！这个吊坠属于里奥多斯！你终于找到它了？这真是个好消息！
PROPQUEST_SCENARIO_INC_001669,I'm sure we will be able to break his curse and shall all once again be reunited. It is time we began the search for the other 4 heroes.,我相信我们会打破他的诅咒的，所有人将再次团聚。现在是我们开始寻找其他四位英雄的时候了。
PROPQUEST_SCENARIO_INC_001670,"Before this though, it is time you continued your own personal training. It seems you are ready to accept your second job class. This will mark an important step in your path so choose wisely!",但在此之前，是时候继续你自己的个人训练了。看来你已经准备好接受你的进阶职业了。这标志着你到了你的人生道路上非常重要的一步，所以明智地做出你的选择吧！
PROPQUEST_SCENARIO_INC_001671,"Please complete your second job quest. Once you have done this, go and meet Reodos again. Hopefully he has broken out of his curse by now.",请完成你的职业二转。完成后，再去见里奥多斯。希望他现在已经摆脱了诅咒。
PROPQUEST_SCENARIO_INC_001672,Please go and meet Reodos as soon as you have finished with your quest!,完成二转后，请尽快去见里奥多斯！
PROPQUEST_SCENARIO_INC_001673,It is imperative that you complete your second job quest. This will mark another step in your journey to becoming a true warrior!,你必须完成你的职业二转。这将标志着你在成为一名真正的勇士的征程上又迈进了一步！
PROPQUEST_SCENARIO_INC_001674,Oh! I see you have completed your second job change quests!,噢！我看你已经完成了二转的任务！
PROPQUEST_SCENARIO_INC_001675,Best of luck in the completion of the trials that lay before you!,祝你能顺利完成摆在你面前的考验！
PROPQUEST_SCENARIO_INC_001676,Complete the 2nd job transfer then meet with Reodos.,完成二转任务后与里奥多斯相见。
PROPQUEST_SCENARIO_INC_001678,The Insightful Store Owner,富有洞察力的店主
PROPQUEST_SCENARIO_INC_001679,"Oh yeah! Hah, about that… for some reason my concoction didn't seem to break the curse. Could just be a delayed effect! Heh, wishful thinking, right?",哦对了！哈，关于那件事……不知道为什么，我的药水似乎没能破除诅咒。可能只是效果延迟了吧！呵，一厢情愿，对吧？
PROPQUEST_SCENARIO_INC_001680,Anyway! You came at just the right time! I've heard that a man named Achaben has reported seeing who I believe to be one of the 8 missing heroes. Will you go talk with him?,不管怎样，你来得正是时候！我听说一个名叫雅察本的人说，他看到了我认为是8位失踪英雄之一的人。你愿意去和他谈谈吗？
PROPQUEST_SCENARIO_INC_001681,Achaben is the owner of the General Shop in Darken. Please go meet with him and see what he has to say!,雅察本是达肯杂货店的老板。请去见见他，看看他有什么要说的！
PROPQUEST_SCENARIO_INC_001682,Still 4 more heroes to find! Lets not just call it quits now!,还有4个英雄要找! 我们现在还不能叫停吧!
PROPQUEST_SCENARIO_INC_001683,Greetings there! What is it I can do for you?,向您问候！我能为您做些什么？
PROPQUEST_SCENARIO_INC_001684,Achaben is the owner of Common General Shop in Darken. Go see him. I will just lay low till then!,雅察本是达肯杂货店的老板。去见他吧。在这之前，我将低调行事!
PROPQUEST_SCENARIO_INC_001685,Meet Achaben.,与雅察本见面
PROPQUEST_SCENARIO_INC_001688,Oh! Interested in the stories of this so called super hero I see? Can't say I know a whole lot about him.,哦！对这个所谓的超级英雄的故事感兴趣？不过不能说我对他很了解。
PROPQUEST_SCENARIO_INC_001689,"There was someone who had more insight into this mysterious man. Oh, what was his name now! Oh I've just got so much on my mind right now its hard to think about anything!",有一个人对这个神秘的人有更多的了解。哦，他叫什么名字！？哦，我现在脑子里想的太多了，很难想起来了！
PROPQUEST_SCENARIO_INC_001690,You want to know what the problem is? I had an important package to deliver but I can't for the life of me remember what I did with it…,你想知道问题出在哪里吗？我有一个重要的包裹要送，但我这辈子都不记得我做了什么......
PROPQUEST_SCENARIO_INC_001691,The package contained special drills acquired from the Drillers in Darkon. Some of the sturdiest around!! If you could acquire some of these drills for me it would surely help a lot!,包裹里有从达肯的钻孔机那里获得的特殊钻头。一些最坚固的钻头! 如果你能为我搞到一些这样的钻头，那肯定会有很大的帮助!
PROPQUEST_SCENARIO_INC_001692,Oh! You will get the drills for me!! You are really great! Drillers can be found Southwest of the Gouthan Mountains. Acquire 10 drills and bring them to Remine the weapon smith.,哦！你会为我拿到钻头的！！你真的很伟大! 钻孔机可以在永恒森林的西南方找到。获得10个钻头并把它们带给武器工匠雷蒙。
PROPQUEST_SCENARIO_INC_001693,Oh no... I'm in trouble now. Who will ever want the business of such a forgetful store owner!,糟了糟了……我这下完蛋了。谁还会想来我这个记性不好的店买东西啊！
PROPQUEST_SCENARIO_INC_001694,Achaben sent you here I see! Are these the Hard Drills I ordered?,我看是雅察本让你来的! 这些是我订购的钻头吗？
PROPQUEST_SCENARIO_INC_001695,Thank you again! Please make haste and acquire the 10 Hard Drills and take them to Remine the Darken weapon smith.,再次感谢您! 请抓紧时间获得10个钻头，并把它们拿给达肯武器商店的雷蒙。
PROPQUEST_SCENARIO_INC_001696,Acquire 10 Hard Drill from the Drillers in Darkon and bring them to Remine,从达肯的钻孔机那里获得10个钻头，并把它们带给雷蒙。
PROPQUEST_SCENARIO_INC_001698,Customer Satisfaction,顾客满意度
PROPQUEST_SCENARIO_INC_001699,Just in time! Now I can finally finish my work. Will you tell Achaben thanks for me!,正好赶上了! 现在我终于可以完成我的工作了。你能替我向雅察本道谢吗？
PROPQUEST_SCENARIO_INC_001700,Tell Achaben I will be doing all my ordering from him in the future!,告诉雅察本，我以后会从他那里订购所有的东西！
PROPQUEST_SCENARIO_INC_001701,Oh? You think I should go tell him myself?,哦？你认为我应该亲自去告诉他？
PROPQUEST_SCENARIO_INC_001702,"Did you deliver the package to Remine? *phew* Oh, Thank you. You saved me.",你把包裹送到雷蒙那里了吗？吁，谢谢你。你救了我。
PROPQUEST_SCENARIO_INC_001703,Did you deliver my greetings to Achaben?,你把我的问候传达到雅察本了吗？
PROPQUEST_SCENARIO_INC_001704,Meet with Achaben.,与雅察本见面。
PROPQUEST_SCENARIO_INC_001706,In the Shadow of the Mountains,在山的阴影下
PROPQUEST_SCENARIO_INC_001707,"While you were delivering the package, I looked further into this hero that you were inquiring about. A friend of mine, Est, seems to have more information on him.",在你送包裹的时候，我进一步调查了你所询问的这位英雄。我的朋友伊斯特似乎有更多关于他的信息。
PROPQUEST_SCENARIO_INC_001708,"Est is conducting research in the Gouthan Mountains, but is currently besieged by monsters. If you were to help him, he will tell you what you need.",伊斯特正在永恒森林进行研究，但目前被怪物围困。如果你要帮助他的话，他会告诉你你需要什么。
PROPQUEST_SCENARIO_INC_001709,Please head to the Gouthan Mountains in Northern Darkon and defeat 10 Small Volt and 10 Captain Driller. Then meet with Est.,请前往达肯北部的永恒森林，击败10个低压电磁履带车和10个大型自动钻孔机。然后与伊斯特见面。
PROPQUEST_SCENARIO_INC_001710,"Oh well, understandable. I'm not much of a fighter myself.",哦，好吧，可以理解。我自己也不是一个善于战斗的人。
PROPQUEST_SCENARIO_INC_001711,"What!? The Volts and Drillers just suddenly disappeared! Oh, were you responsible for this?",什么！ ？电磁履带车和钻孔机突然消失了！哦，你对此负有责任吗？
PROPQUEST_SCENARIO_INC_001712,"Please hurry to the Gouthan Mountains! I'm worried that if we don't act soon, something bad might happen to Est!",请尽快赶到永恒森林！我担心如果我们不尽快行动，伊斯特可能会发生一些不好的事情!
PROPQUEST_SCENARIO_INC_001713,"Kill 10 Small Volt and 15 Captain Driller, then meet with Est",击杀10个低压电磁履带车和15个大型自动钻孔机，然后与伊斯特会面。
PROPQUEST_SCENARIO_INC_001715,The Jester Hero!,暗杀者英雄！
PROPQUEST_SCENARIO_INC_001716,"I was trapped by the monsters while researching and hid behind these rocks here. Ahh, so you are searching for the super hero?",我在研究这些岩石时被怪物困住，躲在了这里。呵，所以你在找超级英雄？
PROPQUEST_SCENARIO_INC_001717,I briefly came across him earlier while high up in the Gouthan Mountains. He was in a hurry to save a young boy trapped in Eastern Darkon. Maybe you could head there?,早些时候，我在高处的永恒森林短暂地遇到了他。他正急着去救一个被困在达肯东部的小男孩。或许你可以去那里找找他？
PROPQUEST_SCENARIO_INC_001718,So you are going there? You are quite brave! This mysterious hero has to be somewhere near where the boy is in Eastern Darkon,所以你要去那里？真是个勇敢的人！这个神秘的英雄一定是在达肯东部小男孩所在的地方附近。
PROPQUEST_SCENARIO_INC_001719,Don't blame you. I prefer to stay out of trouble like that myself anyway!,不要自责。反正我更喜欢远离这样的麻烦!
PROPQUEST_SCENARIO_INC_001720,"Hush! Be very quiet! I, Zoro the Magnificent!.....am in the middle of a very important mission!",安静! 要非常安静! 我，伟大的佐罗！.....，正在进行一项非常重要的任务！
PROPQUEST_SCENARIO_INC_001721,Look around the prison in which the boy is locked in East Darkon. I'm sure the hero will be there.,在达肯东部小男孩被关的监狱里看看。我相信英雄会在那里。
PROPQUEST_SCENARIO_INC_001722,Find Zoro.,寻找佐罗。
PROPQUEST_SCENARIO_INC_001724,Key to the Prison,监狱的钥匙
PROPQUEST_SCENARIO_INC_001725,I apologize but I have no time to talk. I have to figure a way to rescue that boy and I'm afraid the at time is limited.,我很抱歉，顾不上和你说话了。我必须想办法救出那个男孩，时间有限。
PROPQUEST_SCENARIO_INC_001726,"At any moment the Steam Walker that put the boy there might return, so I must keep an ever vigilant watch! Maybe you COULD help me?",那个把小男孩搁那儿的蒸汽机甲随时都可能回来，所以我得一刻不停地盯着！也许……你真的能搭把手？
PROPQUEST_SCENARIO_INC_001727,"How about this? While I secure the perimeter, you acquire a key to open the prison door. Deal?",这样好吗？在我保护周边环境的同时，你获得一把钥匙来打开监狱的门。成交吗？
PROPQUEST_SCENARIO_INC_001728,"Great! While I secure the area, quickly retrieve a key from one of the Steam Walkers!",太棒了！当我守住这个区域时，请迅速从其中一个蒸汽机甲那里取回钥匙！
PROPQUEST_SCENARIO_INC_001729,If you won't help me then I have no time to deal with you!,如果你不帮我，那么我就没有时间来对付你了！
PROPQUEST_SCENARIO_INC_001730,Huzzah! Mission accomplished. Good thing I was here. Who knows what might have happened. Anyway! Time for phase 2!,欢呼吧! 任务完成了。幸亏我在这里。要不然谁知道可能会发生什么。不管怎么说! 是时候进行第二阶段了!
PROPQUEST_SCENARIO_INC_001731,Quickly! Quickly! Retrieve the prison key from one of the Steam Walkers! We may not have much time!,快！快！找回监狱钥匙！我们可能没有太多时间了！
PROPQUEST_SCENARIO_INC_001732,Find a Prison Key by killing Steam Walkers.,通过杀死蒸汽机甲找到一把监狱钥匙。
PROPQUEST_SCENARIO_INC_001734,A Test of Trust,信任的考验
PROPQUEST_SCENARIO_INC_001735,Now we just need to wait for the right moment to open the door! What is your business with me anyway?,现在我们只需要等待合适的时机来开门！你跟我有什么关系？
PROPQUEST_SCENARIO_INC_001736,"Gathering the 8 original heroes? Hmph. Been so long I can hardly recall. Only member I've kept in touch with is Elaine… err, forget I said anything. Hah.",找到8位原始英雄？嗯哼。已经这么久了，我几乎想不起来了。我唯一保持联系的成员是伊莲......呃，忘了我说过什么。哈。
PROPQUEST_SCENARIO_INC_001737,I can prove quickly if it was truly Reonan who sent you. Reonan is perceptive when it comes to people and he doesn't choose just any pushover! How about a test of your skill?,我可以很快证明是否真的是瑞尔南派你来的。瑞尔南对人有敏锐的洞察力，他不会随便选择容易推卸责任的人。让我来试试你的技能可以吗？
PROPQUEST_SCENARIO_INC_001738,"First, I need to test your skill. Go kill 15 Volts & 15 Captain Volts and come back, Then I will trust you and participate to Reonan's decision.",首先，我需要测试你的技能。去杀15个电磁履带车和15个高压电磁履带车，我想我就会相信你，并参与瑞尔南的决定。
PROPQUEST_SCENARIO_INC_001739,How about you… mmm… Kill 15 Volts & 15 Captain Volts! BAM! There we go. A true test of skill. Then I will know for sure! You can find them East of this location.,你呢......嗯......杀了15个电磁履带车和15个高压电磁履带车! 砰! 我们走吧。一个真正的技能测试。然后我就能确定了！你可以在这个位置的东边找到他们。
PROPQUEST_SCENARIO_INC_001740,This is the only way to earn my trust.,这是想要我信任你的唯一方法。
PROPQUEST_SCENARIO_INC_001741,"Guess I will give credit where it's due. You aren't THAT much of a weakling! Alright, guess I will trust you!",我想我会认为这是不错的。你并不是那么软弱的人! 好吧，我会相信你的!
PROPQUEST_SCENARIO_INC_001742,Zoning out the entire time I was giving instructions? Head east of this location and kill 15 Volts & 15 Captain Volts!,在我提供指示的整个过程中进行分区？前往此地点以东，消灭15个电磁履带车和15个高压电磁履带车！
PROPQUEST_SCENARIO_INC_001743,Kill 15 Volts & 15 Captain Volts.,杀死15个电磁履带车和15个高压电磁履带车。
PROPQUEST_SCENARIO_INC_001745,The Retired Hero,退役英雄
PROPQUEST_SCENARIO_INC_001746,"Since you have my trust, I will give you another piece of information. There is another hero hiding out here in Darkon. His name is Elaine, Hero Ranger.",既然你得到了我的信任，我就再给你一个信息。有另一位英雄在达肯，他的名字叫伊莲，英雄游侠。
PROPQUEST_SCENARIO_INC_001747,"After the war, and our reincarnation, both Elaine and I fled up here to the mountains.",战争结束后，我们就转生了，伊莲和我都逃到了这里的山上。
PROPQUEST_SCENARIO_INC_001748,"If Reonan is trying so hard to reach out to us, then I guess it might be time again. You should go to find Elaine.",如果瑞尔南这么努力地想找到我们，那么我想可能又是时候了。你去找伊莲吧。
PROPQUEST_SCENARIO_INC_001749,"He lives west of this current location. Be warned. Since the war, he has retired his weapons and become a self proclaimed pacifist. I'm not sure how willing he will be to join with the rest…",他住在这里的西边。但请你知道。战争结束后，他已经退役了他的武器，自称是一位和平主义者。所以我不确定他是否愿意与其他人一起...
PROPQUEST_SCENARIO_INC_001750,"Well, you know where he is. Whenever you have the time, seek him out.",嗯，你知道他在哪里。只要你有时间，就去找他。
PROPQUEST_SCENARIO_INC_001751,Greetings stranger! My name is Elaine. What brings you all the way up here?,你好啊陌生人! 我的名字是伊莲。什么风把你吹到这里来了？
PROPQUEST_SCENARIO_INC_001752,Elaine lives just West of this location. Please go and find him!,伊莲就住在这里的西边。请去找他吧!
PROPQUEST_SCENARIO_INC_001753,Find Elaine.,寻找伊莲。
PROPQUEST_SCENARIO_INC_001755,Forest Destroyers,森林破坏者
PROPQUEST_SCENARIO_INC_001756,"Ahh, Reonan is looking to reunite the original 8 heroes you say? He was a dear friend, but I don't think I will be able to fulfill his request. You see… things have changed since that time…",啊，你说瑞尔南正在寻找原来的8位英雄？他是一位好伙计，但我不认为我能够满足他的要求。你看......自从那时以来，所有的事情就不一样了......
PROPQUEST_SCENARIO_INC_001757,"I know it is for the sake of Madrigal! But, I've resigned from a life of heroics. All I desire now is to live in peace…",我知道这是为一切为了瑞加大陆! 但是，我已经辞去了英雄的生活。我现在所渴望的是和平的生活......
PROPQUEST_SCENARIO_INC_001758,"You sure are persistent eh? I'll hear you out if you do something for me. Recently, the ecosystem has been suffering due to deforestation caused by the Elderguards. Defeat them, and I will listen.",你真的很执着啊？如果你为我做点什么，我就听你的。最近，由于电铲卫兵的森林砍伐，生态系统一直在遭受破坏。打败他们，我就会听你的。
PROPQUEST_SCENARIO_INC_001759,"Kill 20 Small Elderguards & 15 Elderguards, responsible for the devastation to this environment, and you have my undivided attention!",杀死20个试用型电铲卫兵和15个量产型电铲卫兵，对这个被破坏的环境负责，你就能得到我十足的关注!
PROPQUEST_SCENARIO_INC_001760,The forest needs our aid!,森林需要我们的援助!
PROPQUEST_SCENARIO_INC_001761,"Wow, you really accomplished the task! Because of you, I no longer need to concern myself over further deforestation!",哇，你真的完成了任务! 因为你，我不需要再为进一步的森林砍伐而担忧了!
PROPQUEST_SCENARIO_INC_001762,Please go kill 20 Small Elderguards & 15 Elderguards before they destroy anymore of this environment!,请去杀20个试用型电铲卫兵和15个量产型电铲卫兵，以免他们再破坏环境!
PROPQUEST_SCENARIO_INC_001763,Kill 20 Small Elderguards & 15 Elderguards located in the Northwestern region of Darkon 1.,杀死20个试用型电铲卫兵和15个量产型电铲卫兵，位于达肯1的西北部地区。
PROPQUEST_SCENARIO_INC_001765,Construction Gone Awry,消失的建筑
PROPQUEST_SCENARIO_INC_001766,"Alright, I guess I should uphold my end of the promise!",好吧，我想我应该坚持我的承诺！
PROPQUEST_SCENARIO_INC_001767,You say Zoro is going to reunite with Reonan? Well... He did always like playing the Hero. What's this? A letter from Zoro?,你说佐罗要和瑞尔南汇合？嗯……他一直都喜欢扮演勇者。这是什么，佐罗的一封信？
PROPQUEST_SCENARIO_INC_001768,"Alright. I will read his letter. While I do that, would it be possible for another favor? Monsters, known as Garbagespiders, have been ravaging the land. Could you please defeat them?",好的，我会读他的信。当我这样做的时候，是否可以再帮一个忙？被称为蛛形处理机的怪物一直在蹂躏这片土地。你能打败他们吗？
PROPQUEST_SCENARIO_INC_001769,Garbagespiders were once used to assist workers in construction. They have since become cursed and are soley bent on destruction. Please defeat 20 Small Garbagespiders & 15 Garbagespiders.,蛛型处理机曾经被用来帮助工人进行施工。从那时起，他们就被诅咒，一心想要毁灭。请击败20个阿尔法蛛型处理机和15个贝塔蛛型处理机。
PROPQUEST_SCENARIO_INC_001770,Hmm… I would prefer to read the letter without anyone around…,嗯……我希望在没有他人在场的情况下阅读这封信……
PROPQUEST_SCENARIO_INC_001771,Just in time! I have finished reading the letter.,刚好！我刚读完这封信。
PROPQUEST_SCENARIO_INC_001772,Please go defeat 20 Small Garbagespiders & 15 Garbagespiders in Darkon 1 while I finish reading this letter.,在我读完这封信的时候，请在达肯 1击败20个阿尔法蛛型处理机和15个贝塔蛛型处理机。
PROPQUEST_SCENARIO_INC_001773,Kill 20 Small Garbagespiders & 15 Garbagespiders located near the entrance to Dekane Dungeon.,杀死位于达肯矿洞入口附近的20个阿尔法蛛型处理机和15个贝塔蛛型处理机。
PROPQUEST_SCENARIO_INC_001775,Elaine's Reply,伊莲的回应
PROPQUEST_SCENARIO_INC_001776,"Zoro wrote this letter to convince me… but no!! I thought about it and nothing can change my mind. After the war, I promised myself I would never kill again… I intend to uphold that vow…",佐罗写这封信是为了说服我......但是没有！！！我想过了，没有什么能改变我的想法。战争结束后，我向自己保证不再杀戮......我打算坚守这一誓言......
PROPQUEST_SCENARIO_INC_001777,Can you bring this to Zoro? This letter is for him.,你能把这个带给佐罗吗？这封信是给他的。
PROPQUEST_SCENARIO_INC_001778,"Thank you. When Zoro reads this letter, he will fully understand my rationale…",谢谢你。当佐罗读到这封信时，他将完全理解我的理由......
PROPQUEST_SCENARIO_INC_001779,I hope you will reconsider. I want Zoro to understand my reasons for declining the offer.,我希望你能重新考虑。我希望佐罗能够理解我拒绝这个事情的原因。
PROPQUEST_SCENARIO_INC_001780,Have you met with Elaine yet? Hmm? He sent a letter?,你见到伊莲了吗？嗯？他给了你一封信吗？
PROPQUEST_SCENARIO_INC_001781,Did you give my letter to Zoro yet?,你把我的信给佐罗了吗？
PROPQUEST_SCENARIO_INC_001782,Meet Zoro and give him Elaine's letter.,见到佐罗，把伊莲的信交给他。
PROPQUEST_SCENARIO_INC_001784,Repressing the Past,压抑的历史
PROPQUEST_SCENARIO_INC_001785,"*Reading letter* Hmm... I see. There is a reason he refuses to fight. Elaine had a sister, Hannah, for whom he cared very dearly…",*阅读信件*嗯……我明白了。他拒绝战斗是有原因的。伊莲有一个妹妹——汉娜，他非常关心她……
PROPQUEST_SCENARIO_INC_001786,"She was killed during the war… Only, Elaine didn't learn of any of this until after everything was over. He blamed himself for it all…",她在战争中被杀......只是，伊莲直到一切都结束后才知道。所以他因为这一切非常自责...
PROPQUEST_SCENARIO_INC_001787,"In a fit of rage, he threw her ring, the last memento he had of her, into the air somewhere in Western Darkon 1. If you could retrieve it maybe he would reconsider?",愤怒之下，他把她的戒指，也就是他对她最后的纪念品，扔到了达肯西部某处。如果你能把它找回来，也许他会重新考虑？
PROPQUEST_SCENARIO_INC_001788,I guarantee you a Garbagespider ate the ring. They eat anything and everything! Please head to Western Darkon and defeat Garbagespiders until you can recover the ring!,我向你保证，有一只蛛型处理机把戒指吃掉了。他们什么都吃！请前往西部，击败蛛型处理机，直到你能找回戒指！
PROPQUEST_SCENARIO_INC_001789,Oh… I figured you would do this for him…,哦......我想你会为他做这个......
PROPQUEST_SCENARIO_INC_001790,Yes! Yes! This is it!,是的！对！这个就是！
PROPQUEST_SCENARIO_INC_001791,I'm sure a Garbagespider has the ring! Please go and reclaim it for Elaine's sake!,我可以肯定蛛型处理机有这枚戒指！看在伊莲的份上请你去把它找回来吧！
PROPQUEST_SCENARIO_INC_001792,Kill Garbagespiders and reclaim the Promise Ring,杀死蛛型处理机并夺回希望戒指
PROPQUEST_SCENARIO_INC_001794,The Promise Ring,希望戒指
PROPQUEST_SCENARIO_INC_001795,"Alright, bring that ring to Elaine. It will be painful for him, but… I feel it's important that it is returned to him. Maybe he will feel something that was lost a long time ago.",好吧，把那枚戒指带给伊莲。这对他来说会很痛苦，但是......我觉得把戒指给他很重要。或许他能感受到很久以前已经失去的东西。
PROPQUEST_SCENARIO_INC_001796,"I know he would rather repress all these painful memories, but the time has come to stop hiding and face our individual destinies. Please take this ring to him",我知道他宁愿压抑所有这些痛苦的记忆，但现在是时候停止逃避，面对我们各自的命运了。请把这枚戒指交给他
PROPQUEST_SCENARIO_INC_001797,I'm sure the result will be good. Go! Give that ring to Elaine.,我相信结果会是好的。去吧！把那个戒指给伊莲。
PROPQUEST_SCENARIO_INC_001798,"If you don't want to do it, then I'll do it myself alright?",如果你不想做，那我就自己做好了。
PROPQUEST_SCENARIO_INC_001799,Why are you here again? I hope I was clear before about…,你为什么还在这里？我认为我之前说得很清楚了，关于...
PROPQUEST_SCENARIO_INC_001800,Did you return the Promise Ring to Elaine yet? What are you waiting for?,你把希望戒指交给伊莲了吗？你在等什么呢？
PROPQUEST_SCENARIO_INC_001801,Meet Elaine and give him the Promise Ring,找见伊莲并给他希望戒指
PROPQUEST_SCENARIO_INC_001803,Time to Resign,辞职的时间
PROPQUEST_SCENARIO_INC_001804,This ring is... Where did you find this!? Yes... You are right. This ring belong to my sister. This is my only reminder of a past I've since tried to forget…,这枚戒指是……你在哪里找到的！ ？是的……你说得对。这枚戒指是我妹妹的。这是我唯一一次想起我试图忘记的过去……
PROPQUEST_SCENARIO_INC_001805,"I gave this ring to her as promise to always be there for her, but I couldn't fulfill that promise… I will forever blame myself for the events that befell her…",我把这枚戒指送给她，作为永远陪伴她的承诺，但我没能实现这个承诺......我将永远为她所遭遇的事情而自责...…
PROPQUEST_SCENARIO_INC_001806,You are right… I can't keep hiding forever. I need to take a stand. I need to prevent a situation like this from ever occurring again.,你是对的...我不能永远逃避下去。我需要表明立场。我要防止像这样的情况再次发生。
PROPQUEST_SCENARIO_INC_001807,"I will join alongside Zoro and Reonan. Before this, I need to wrap up some work. Could you please assist me this one last time?",我将与佐罗和瑞尔南一起加入。在这之前，我需要完成一些事情。能否请你最后一次协助我？
PROPQUEST_SCENARIO_INC_001808,"I oversaw the Darkon Environmental Association. Unfortunately, if I am to prepare for battle, I will no longer be able to fulfill my duties. Could you inform the Mayor of my departure?",我监督着达肯环境协会的工作。不幸的是，如果我要准备参加战斗，我将无法再履行我的职责。你能通知市长我的离开吗？
PROPQUEST_SCENARIO_INC_001809,"I would do it myself, but it will take up even more of my time…",我想自己做，但这将占用我很多的时间...
PROPQUEST_SCENARIO_INC_001810,"Oh, you are that adventurer. What are you doing back this way?",哦，你就是那个冒险家。你回来做什么？
PROPQUEST_SCENARIO_INC_001811,It will be great if the Mayor of Darken understands my decision...,如果达肯市长能理解我的决定，那就太好了……
PROPQUEST_SCENARIO_INC_001812,Go meet the Mayor of Darken and inform him of Elaine's departure.,去见达肯市长，告诉他伊莲即将离开。
PROPQUEST_SCENARIO_INC_001814,Darkon's Environmental Management,达肯的环境管理
PROPQUEST_SCENARIO_INC_001815,"Ahh! So you are here for Elaine? Of course I know who he is, Elaine is the president of our Environmental Group...",啊！所以你是来找伊莲的？我当然知道他是谁，伊莲是我们环保队的负责人……
PROPQUEST_SCENARIO_INC_001816,What? He is resigning as president? Hmm… this is a bad news... He kept things stable around here. What will happen if he is not here!,什么，他要辞去负责人职务？嗯……这是个坏消息……他让这里保持稳定。如果他不在这会发生什么！
PROPQUEST_SCENARIO_INC_001817,"Hmm... You are right. The preservation of nature doesn't rest in the hands of one man, but with all of us… Could you please bring me some wastebaskets?",嗯……你说得对。保护自然不是一个人的责任，而是我们所有人的责任……你能给我拿些垃圾篮来吗？
PROPQUEST_SCENARIO_INC_001818,"Please go and collect 10 Wastebaskets from Garbagespiders. It is the time for a brighter, cleaner Darken City!",请从蛛型处理机身上收集10个废纸篓。现在是建立一个更明亮、更干净的达肯的时候了！
PROPQUEST_SCENARIO_INC_001819,"You don't even care about it do you?. If we keep this way, there won't be any hope left.",你根本不关心这个问题，是吗？如果我们继续这样下去，就不会有任何希望了。
PROPQUEST_SCENARIO_INC_001820,Thank you! Now we will do our best to keep the environment clean!,谢谢你! 现在我们将尽最大努力保持环境的整洁!
PROPQUEST_SCENARIO_INC_001821,"Wastebaskets can be found from Garbagespiders, located in the Western regions of Darkon 1.",废纸篓可以从蛛型处理机那里得到，位于达肯1的西部地区。
PROPQUEST_SCENARIO_INC_001822,You can acquire Wastebaskets from Garbagespiders.,你可以从蛛型处理机那里获得废纸篓。
PROPQUEST_SCENARIO_INC_001824,"A Brighter, Cleaner Darkon!",一个更明亮、更干净的达肯!
PROPQUEST_SCENARIO_INC_001825,We have went ahead and processed Elaine's resignation. Go and tell him about it.,我们已经提前处理了伊莲的辞职报告。去告诉他这件事吧。
PROPQUEST_SCENARIO_INC_001826,Let him know not to worry about us. We understand that whatever it is he is up to must be of the utmost importance.,让他不要为我们担心。我们明白，无论他在做什么，都是最重要的。
PROPQUEST_SCENARIO_INC_001827,Please let him know at some point at least!,请至少在某些时候让他知道！
PROPQUEST_SCENARIO_INC_001828,What happened?,发生了什么？
PROPQUEST_SCENARIO_INC_001829,We have processed Elaine's resignation. Please go see him now.,我们已经处理了伊莲的辞呈。请现在去见他吧。
PROPQUEST_SCENARIO_INC_001830,Go meet Elaine and let him know of the result of his resignation.,去见伊莲，让他知道辞职的结果。
PROPQUEST_SCENARIO_INC_001832,The Squirrels Took It!,松鼠抢走了它!
PROPQUEST_SCENARIO_INC_001995,Breaking the Curse (1),打破诅咒 (1)
PROPQUEST_SCENARIO_INC_001996,"As I was going to say! I would love to reunite with my fellow heroes, but I can't do much in my, uh… current form hehe. Never fear! I think I have a possible solution!",正如我想说的! 我很想和我的英雄伙伴们团聚，但我现在的样子，呃...做不了什么，嘿嘿。不要害怕! 我想我有一个可能的解决方案!
PROPQUEST_SCENARIO_INC_001997,"I have a list of items I need to create a powerful concoction that might possibly alleviate this curse… OR destroy us all. Want in on it? Don't worry, I'm sure everything will be fine! Bwahaha.",我列了一个物品清单，我需要创造一个强大的混合物，可能会减轻这个诅咒……或者摧毁我们所有人。想参与其中吗？别担心，我相信一切都会好起来的！哇哈哈。
PROPQUEST_SCENARIO_INC_002000,Excellent! The first material I will need is a Forsaken Soul. You can collect one from the Zombiger directly West of Darken City.,很棒! 我需要的第一个材料是“被遗忘的灵魂”。你可以从达肯西部的矿工幽魂那里收集一个。
PROPQUEST_SCENARIO_INC_002001,"I would collect the items myself, but, I don't have opposable thumbs!! Hahaha! Jerk…",我想自己收集这些物品，但是，我没有可以对抗的能力! 哈哈哈!
PROPQUEST_SCENARIO_INC_002002,Oh! Nice work! The first component has been acquired!!,哇！干得好！第一个组件已经获得了！
PROPQUEST_SCENARIO_INC_002003,"Yes, yes Zombiger, Forsaken Soul, blah blah blah, you know what to do, now snap to it!",是的，是的，矿工幽魂，被抛弃的灵魂，等等，你知道该怎么做，现在快去做吧。
PROPQUEST_SCENARIO_INC_002004,Kill the Zombiger West of Darken City and acquire the Forsaken Soul.,在达肯西部杀死矿工幽魂，获得被抛弃的灵魂。
PROPQUEST_SCENARIO_INC_002006,Breaking the Curse (2),打破诅咒 (2)
PROPQUEST_SCENARIO_INC_002007,"Yes you heard me correctly, FIRST component. What!? Did you think breaking this curse would be THAT easy? Hah!",是的，你没听错，第一部分。什么！？你认为打破这个诅咒会那么容易吗？哈!
PROPQUEST_SCENARIO_INC_002008,"Next I will be needing Hard Steel Powder. Unfortunately, as with most things in life, this is easier said than done!",接下来，我需要硬钢粉末。不幸的是，与生活中的大多数事情一样，说起来容易做起来难。
PROPQUEST_SCENARIO_INC_002009,"First you will need to get Steel pieces, then take them to Amadolka. He is knowledgeable in metallurgy and can convert the pieces to powder. Up to the challenge?",首先你需要得到钢片，然后把它们带到艾玛都卡那里。他对冶金学很有研究，可以将这些碎片转化为粉末。准备好迎接挑战了吗？
PROPQUEST_SCENARIO_INC_002010,"Good!! Kill Steel Knights near the Erons Factory to get the Steel Pieces, then bring them to Amadolka!",很好！ ！在达肯的工厂附近杀死钢甲骑士以获得钢甲碎片，然后将它们带给艾玛都卡！
PROPQUEST_SCENARIO_INC_002011,"What? Complicated? What's complicated is being a man, trapped in a fuzzy little body! Try that on for size!",什么？复杂？复杂的是作为一个男人，被困在一个毛茸茸的小身体里! 试试这个尺寸吧！
PROPQUEST_SCENARIO_INC_002012,Woah! Don't get many visitors out this way. What are you looking for here anyway?,呜! 这条路的访客不多。你在这里找什么呢？
PROPQUEST_SCENARIO_INC_002013,You heard me correctly! Kill Steel Knights to get Steel Pieces and go to Amadolka. You got this champ!,你没听错！击杀钢甲骑士获得钢甲碎片，然后去找艾玛都卡。你得到了这个冠军！
PROPQUEST_SCENARIO_INC_002014,Kill Steel Knights to collect Steel Pieces and bring them to Amadolka.,击杀钢甲骑士收集钢甲碎片并带给艾玛都卡。
PROPQUEST_SCENARIO_INC_002016,Breaking the Curse (3),打破诅咒 (3)
PROPQUEST_SCENARIO_INC_002017,"Ahh~ turning Steel Pieces into Hard Steel Powder? Actually, I will unfortunately be unable to complete such a request, for my machinery currently is not operational.",啊~把钢铁片变成硬钢粉？事实上，很遗憾，我无法完成这样的要求，因为我的机器目前还不能运行。
PROPQUEST_SCENARIO_INC_002018,The only other person I can think of with machinery powerful enough to grind the Steel Pieces to Powder would be cell at the Erons Factory. Seek him out and ask for his help!,我能想到的唯一一个拥有足以将钢片磨成粉末的机器的人是绿磷石工厂的飞儿。去找他，寻求他的帮助吧!
PROPQUEST_SCENARIO_INC_002019,"I have little to no clue what you intend to do with the Hard Steel Powder, but I wish you luck!",我不知道你打算用硬钢粉做什么，但我祝你好运!
PROPQUEST_SCENARIO_INC_002020,Well! Back to work for me!,好了! 又要为我工作了!
PROPQUEST_SCENARIO_INC_002021,"Har har har what do we have here? A new employee? You seem a little puny for a factory worker? Oh, nevermind!",哈哈哈，我们这里有什么？一个新员工？你对一个工厂工人来说似乎有点渺小？哦，没关系！
PROPQUEST_SCENARIO_INC_002022,"Yes, Cell is his name. You should be able to find him North of this location. Ask him to grind the Steel Pieces for you.",是的，飞儿是他的名字。你应该能在这个地方的北边找到他，请他为你磨制钢片。
PROPQUEST_SCENARIO_INC_002023,Seek out Cell and ask him to grind the Steel Pieces.,找到飞儿，请他研磨钢片。
PROPQUEST_SCENARIO_INC_002025,Breaking the Curse (4),打破诅咒 (4)
PROPQUEST_SCENARIO_INC_002026,"Ahh so you need me to grind these Steel Pieces you say? Piece of cake, just give me a moment.",啊，那你要我研磨这些钢片吗？小菜一碟，给我一点时间。
PROPQUEST_SCENARIO_INC_002027,All finished! Here you go. The machinery in Darkon is the best in all of Madrigal! Tell your friends about our services!,全部完成! 给你。达肯的机械是全瑞加大陆最好的! 告诉你的朋友我们的服务!
PROPQUEST_SCENARIO_INC_002028,Well hurry on now! You obviously have something important that you require the Steel Powder for!,那么现在就赶快行动吧! 你显然有什么重要的事情需要用到钢粉!
PROPQUEST_SCENARIO_INC_002029,"Well, that is a little ungrateful! And to think I did this all free of charge!",嗯，这有点忘恩负义! 想想我做这些都是免费的!
PROPQUEST_SCENARIO_INC_002030,Aha! Now this is some finely ground Steel Powder!,啊哈！现在这就是一些磨得很细的钢粉了。
PROPQUEST_SCENARIO_INC_002031,I must get back to work now! Hurry along!,我现在必须回去工作了! 你快点走吧！
PROPQUEST_SCENARIO_INC_002032,Bring the Steel Powder Cell has given you back to Reodos.,把飞儿给你的钢粉带回给里奥多斯。
PROPQUEST_SCENARIO_INC_002034,The Flower that Time Forgot,被时间遗忘的花朵
PROPQUEST_SCENARIO_INC_002035,I almost have all the ingredients! The piece de resistance is a mysterious ingredient known as the Time Lapse Flower.,"我几乎拥有所有的成分！最重要的是一种被称为 ""时空之花 ""的神秘成分。"
PROPQUEST_SCENARIO_INC_002036,Time Lapse Flowers can be found only around Mars Mine dungeon entrance. The entrance is located at the most Northern part of the Flaris continent.,时空之花只能在魔域密殿的地牢入口处找到。该入口位于帕里的最北部。
PROPQUEST_SCENARIO_INC_002037,Awesome! No worries! You don't have to enter the dungeon per se. The flower should simply be near it!,棒极了! 不用担心! 你不需要进入地牢。花只是在入口处附近!
PROPQUEST_SCENARIO_INC_002038,"Haha, nice joke. You are quite the kidder you know that!",哈哈，有意思的恶作剧。你真是个小淘气！
PROPQUEST_SCENARIO_INC_002039,Finally! Finally! Finally! Please hand it over quickly so I can make the potion!,终于！！！请快把它交出来，让我做药水！
PROPQUEST_SCENARIO_INC_002040,The Time Lapse Flower should be found near the entrance to Mars Mine. Please go collect it!,时空之花在魔域密殿的入口附近找到。请去收集它!
PROPQUEST_SCENARIO_INC_002041,Collect a Time Lapse Flower which only blooms near the entrance to Mars Mine.,收集一种只在魔域密殿入口处开花的时空之花。
PROPQUEST_SCENARIO_INC_002043,The Pendant of Reodos,里奥多斯的吊坠
PROPQUEST_SCENARIO_INC_002044,"Ahh, so I guess I should express my gratitude to you! The potion will take a little time to mix so I guess I will hang out here a little longer.",噢，我想我应该向你表达我的感激之情！药水需要一点时间才能混合，所以我想在这里多呆一会儿。
PROPQUEST_SCENARIO_INC_002045,"While the potion mixes, here, take this. This is a pendant to symbolize my unwavering participation in whatever is to come. Please take it to Reonan and let him know we will meet soon enough!",拿着这个。这是一个吊坠，象征着我坚定不移地参与即将到来的任何事情。请把它交给瑞尔南，让他知道我们很快就会见面！
PROPQUEST_SCENARIO_INC_002046,Good! Then go to Reonan. I will soon recover my original body and meet up with the rest of the original crew!,好！去找瑞尔男吧。我很快就会恢复身体，并与其他原队友见面！
PROPQUEST_SCENARIO_INC_002047,Err… well in that case you must have some more urgent matters to attend to? Please take the pendant to Reonan soon.,呃……你肯定有更紧急的事情要处理吧？请尽快将吊坠交给瑞尔南哦。
PROPQUEST_SCENARIO_INC_002048,"There you are! Unfortunately, I'm glad to see you but unable to talk at the moment. Take this time to reach level 60 then return to me.",嘿你在这儿！很高兴见到你，但不幸的是我们目前无法交谈。花点时间达到60级后再来找我。
PROPQUEST_SCENARIO_INC_002049,Hurry quickly back to Reonan with the pendant!,赶紧带着吊坠去找瑞尔南！
PROPQUEST_SCENARIO_INC_002050,Deliver the pendant from Reodos to Reonan.,将吊坠从里奥多斯交给瑞尔南。
PROPQUEST_SCENARIO_INC_002132,Returning Home in Glory,荣归故里
PROPQUEST_SCENARIO_INC_002133,"Oh, Reonan said to return to Flarine after you had completed your duties here. Do not fret about us any longer. Go see Reonan!",Oh，瑞尔南说你在这里完成任务后要返回帕里了。不需要再为我们烦恼了。去见瑞尔南吧！
PROPQUEST_SCENARIO_INC_002134,"Thank you for your efforts in Saint City. Your name will be forever praised here. Now, hurry on your way!",感谢你对晨光的帮助。你的名字将在这里永远被赞美。现在，快点上路吧！
PROPQUEST_SCENARIO_INC_002135,"Eh? You don't want to go back? Then, plese feel free to join the illustrious ranks of our tourist industry!",诶？你不想回去？那么，欢迎随时加入我们哦！
PROPQUEST_SCENARIO_INC_002136,"I heard of your remarkable activities at Saint City from the Mayor! I have another mission for you... but it's too early right now. Reach level 40, then I will give you the next mission.",我从市长那里听说了您在晨光镇的出色活动！我还有另一个任务要交给你…但现在还为时过早。达到40级，我会给你下一个任务。
PROPQUEST_SCENARIO_INC_002137,Reonan is waiting for you in Flaris.,瑞尔南正在帕里等你。
PROPQUEST_SCENARIO_INC_002138,Go to Reonan after reaching level 40.,达到40级后再去找瑞尔南吧。
PROPQUEST_SCENARIO_INC_001967,Chapter 4 Turbulent World,章节4 动荡的世界
PROPQUEST_SCENARIO_INC_001833,In a way this is good for them. The citizens of Darken needed to become more self-efficient. I know they will be fine without me. There is another issue that has come up.,在某种程度上，这对他们来说是好事，达肯的公民需要变得更加自立。我知道他们没有我也会很好，但是另一个问题也出现了。
PROPQUEST_SCENARIO_INC_001834,"When we finished the war, aside from my sister's ring, I also threw my pendant somewhere in Darkon 3. I was so convinced I would never need it again…",当我们结束战争时，除了我妹妹的戒指外，我还把我的吊坠扔在了达肯3的某个地方。我很确信我再也不需要它了...
PROPQUEST_SCENARIO_INC_001835,Could you please find it for me? I know it is asking much of you. It is important that I regain possession of it though and present it to Reonan.,你能为我找到它吗？我知道这对你的要求很高。但重要的是，我必须重新获得它的所有权，并把它交给瑞尔南。
PROPQUEST_SCENARIO_INC_001836,"Thank you. I feel that if anything, a Nautrepy has the pendant. They tend to seek out shiny objects. Please locate them in the Eastern forests of Darkon 3. Please retrieve it.",谢谢你。我觉得，如果有的话，蛙跳蝠有吊坠。他们倾向于寻找闪亮的物体，请在达肯3的东部森林中找到他们，并把它找回来。
PROPQUEST_SCENARIO_INC_001837,It is imperative that you retrieve this pendant and get it to Reonan!,当务之急是找回这个吊坠，并把它交给瑞尔南!
PROPQUEST_SCENARIO_INC_001838,Oh you found it! Thank you so much!,哇，你找到了! 太感谢你了!
PROPQUEST_SCENARIO_INC_001839,A Nautrepy must have taken the pendant. Please go and check the Eastern forests of Darkon 3!,肯定是蛙跳蝠拿走了吊坠。请你去查看达肯3的东部森林!
PROPQUEST_SCENARIO_INC_001840,Recover the Hero's Pendant from Nautrepy and return it to Elaine.,从蛙跳蝠那里找回英雄吊坠，并把它还给伊莲。
PROPQUEST_SCENARIO_INC_001842,Zoro's Pendant,佐罗的吊坠
PROPQUEST_SCENARIO_INC_001843,Please take this pendant to Reonan. This will serve as a symbol of my unyielding devotion to our cause…,请把这个吊坠带给瑞尔南。这将作为我对我们不屈不挠的象征...
PROPQUEST_SCENARIO_INC_001844,"Oh! You have yet to collect Zoro's pendant! Go and retrieve it from him as well! Once you have done this, please take them both to Reonan.",哦！你还没有找到佐罗的吊坠！去他那里拿回来吧。当你拿到了，就把它们都带给瑞尔南。
PROPQUEST_SCENARIO_INC_001845,"Zoro is waiting! Please go and gather his pendant as well. I'm sure once you show him mine, he will gladly hand it over.",佐罗在等着呢! 请你也去找他的吊坠。我相信一旦你给他看了我的，他就会高兴地把它交出来。
PROPQUEST_SCENARIO_INC_001846,"Please, we must get the pendants to Reonan to let him know we are ready to fight side by side!",拜托了，我们必须把吊坠送到瑞尔南那里，让他知道我们已经准备好并肩作战了。
PROPQUEST_SCENARIO_INC_001847,Oh Oh! That is Elaine's pendant! So I see you were able to get him to reconsider?,哦，那是伊莲的吊坠！看来你让他重新考虑了？
PROPQUEST_SCENARIO_INC_001848,Hurry! I'm sure Zoro is waiting!,快点！佐罗等不及了!
PROPQUEST_SCENARIO_INC_001849,Retrieve Zoro's Pendant.,拿回佐罗的吊坠。
PROPQUEST_SCENARIO_INC_001851,United We Stand,团结就是力量
PROPQUEST_SCENARIO_INC_001852,"Hah! I never thought Elaine would change his mind so easily. This pendant here, well, it definitely shows that he means business!",哈! 我从未想过伊莲会如此轻易地改变他的想法。这个吊坠，嗯，他绝对是在做正事!
PROPQUEST_SCENARIO_INC_001853,"I'm glad to see that the old Elaine has returned! Here, take my pendant as well! Now take them to Reonan and let him know we are ready to stand united!",我很高兴看到老伊莲回来了! 给你，把我的吊坠也拿去吧! 现在把它们带到瑞尔南那里，让他知道我们已经准备好团结起来了!
PROPQUEST_SCENARIO_INC_001854,Head back to Reonan with the pendants!,带着吊坠去找瑞尔南吧!
PROPQUEST_SCENARIO_INC_001855,"Well, whatever you wish, but I don't think we have much time to mess around!",好吧，随你怎么想，但我认为我们没有太多的时间来瞎胡闹！
PROPQUEST_SCENARIO_INC_001856,Oh! I see you have returned! You come bearing good news I hope?,哦！你回来了！但愿你带来的是好消息吧？
PROPQUEST_SCENARIO_INC_001857,"You have both of the pendants, now go see Reonan!",你有了这两个吊坠，现在去见瑞尔南吧!
PROPQUEST_SCENARIO_INC_001858,Take Elaine and Zoro's Pendants to Reonan,把伊莲和佐罗的吊坠交给瑞尔南
PROPQUEST_SCENARIO_INC_001860,Gathering of Heroes,英雄集结号
PROPQUEST_SCENARIO_INC_001861,"Two more pendants!? Ah Elaine and Zoro. It's been awhile… Thought I might never see them again… Knowing they stand by my side, I feel a renewed sense of determination!",还有两个吊坠！？啊，伊莲和佐罗。有一段时间了...还以为我再也见不到他们了...知道他们站在我身边，我感到了一股新的力量！
PROPQUEST_SCENARIO_INC_001862,"Now 6 heroes are gathered! I, Handel, Hael, Reodos, Zoro, Elaine are gathered. We just need to find the last 2! Before this, I feel it is time for you to hone in on your own skills!",现在6位英雄齐聚一堂! 我、汉德尔、海尔、里奥多斯、佐罗、伊莲已经聚齐。还要找到最后两位! 在这之前，我觉得是时候让你们磨练一下自己的技能了!
PROPQUEST_SCENARIO_INC_001863,"We will need the assistance of warriors like yourself! But, you still have plenty of room to grow! Are you ready to further ascend your path to glory?",我们需要你这样的勇士的帮助！但是，你仍有很大的成长空间。你准备好进一步前进你的荣耀之路了吗？
PROPQUEST_SCENARIO_INC_001864,"Please train to level 70, then talk with Reodos!",请升到70级，然后与里奥多斯交谈!
PROPQUEST_SCENARIO_INC_001865,Real champions are born by pushing one's own skill to the limit. I know you have it in you to overcome the odds…,厉害的人都是将自己的技能训练到极限的。我知道你有这个能力克服困难...
PROPQUEST_SCENARIO_INC_001866,Oh! Impressive! You have grown quite a bit stronger since we last met!,哦！令人印象深刻！自从我们上次见面后，你已经变得相当强大了!
PROPQUEST_SCENARIO_INC_001867,"After reaching level 70, talk with Reodos",达到70级后，与里奥多斯谈话
PROPQUEST_SCENARIO_INC_001868,"Reach level 70, then meet with Reodos.",达到70级，然后与里奥多斯会面。
PROPQUEST_SCENARIO_INC_001870,Hungry Hungry Dwarpets,饥肠辘辘的矮人族
PROPQUEST_SCENARIO_INC_001871,"Oh! Haha, why I haven't changed yet you ask? I'm not entirely sure. I feel that the curse should have let up by now…",哦！哈哈，你问我为什么还没有改变？我也不清楚。但我觉得诅咒应该已经减弱了...
PROPQUEST_SCENARIO_INC_001872,"I do know someone who may be of assistance. His name is Rankashu, a descendent of Shamanistic Dwarpets who have lived in Darkon longer than man.",我认识一个人，他可能会有所帮助。他的名字叫小草儿，是萨满教矮人族的后裔，他们在达肯生活的时间比人类长。
PROPQUEST_SCENARIO_INC_001873,He might have some useful information pertaining to this curse and what else I need to do! Will you seek him out for me?,他可能掌握一些关于这个诅咒以及我还需要做什么的有用信息！你能帮我去找他吗？
PROPQUEST_SCENARIO_INC_001874,"OH! OH! Thank you! I know that Rankashu can't resist Syliaca Fillet and Greemong Jelly. I'm sure if you brought some of these, he'd spill whatever information you wanted!",噢! 噢! 谢谢你 我知道小草儿无法抗拒绿鳞片和绿泥液。我敢肯定，如果你带来这些东西，他就会说出你想要的任何信息!
PROPQUEST_SCENARIO_INC_001875,"Hmph! Well, you could be missing out on a chance to not only help me, but possibly learn of the location of the other 2 heroes as well!",啊哈! 好吧，你可能会错过一个机会，不仅能帮助到我，还有可能知道其他两位英雄的位置！
PROPQUEST_SCENARIO_INC_001876,"Well helloooo there! *sniffs* Is that Syliaca fillets and Greemong Jelly I smell? Oh! Well, of course there WOULD be a request first. Free food, HAH!",嘿嘿，你好啊！*闻了闻* 我闻到的是食人鱼片和绿泥果冻吗？哦！当然，肯定会先有个请求的嘛。免费食物，哈哈！
PROPQUEST_SCENARIO_INC_001877,Have you gathered the Syliaca fish and Greemong Jelly? You can find them by killing both Syliaca fish and Greemongs,你收集了绿鳞片和绿泥液吗？你可以通过杀死食人鱼和绿泥怪找到它们。
PROPQUEST_SCENARIO_INC_001878,"Collect 5 Syliaca Fillet and 5 Greemong Jelly, then bring them to Rankashu in the Western region of Darkon 1.",收集5个绿鳞片和5个绿泥液，然后把它们交给达肯1西部的小草儿。
PROPQUEST_SCENARIO_INC_001880,Catalyst to the Curse,诅咒的催化剂
PROPQUEST_SCENARIO_INC_001881,Ahh so the curse was not released yet? The curse WAS in his body a long time… We need a powerful catalyst to speed up the process. 10 Boo Petals should do the trick!,啊，所以诅咒还没释放出来吗？诅咒已经在他体内很久了……我们需要一个强力的催化剂来加快这个过程。10片花兽花瓣就够了！
PROPQUEST_SCENARIO_INC_001882,"Another question? 8 Heroes huh? Well, I did see a strange looking woman enter this dungeon alone several days ago. Not sure if that will help or not!",还有问题吗？8个英雄是吧？嗯，我几天前确实看到一个长得很奇怪的女人独自进入了这个矿洞。不确定这有没有帮助！
PROPQUEST_SCENARIO_INC_001883,Anyway! I told you what you need to know. Will you go get the petals now and let me eat in peace?,反正！我已经告诉你你需要知道的东西了。你现在去拿花瓣，能让我安静地吃东西吗？
PROPQUEST_SCENARIO_INC_001884,"Yes Yes, acquire 10 Boo Petals from the Boos in the forests of Darkon 3. This should take care of your problem!",没错，在达肯3森林中的毒花兽那里获得10个花兽花瓣。这应该可以解决你的问题了。
PROPQUEST_SCENARIO_INC_001885,Ahh! Can't you see I'm trying to eat. Please don't disturb me right now!!,啊! 你没看到我正在吃东西吗，请不要打扰我！！
PROPQUEST_SCENARIO_INC_001886,Aha! I knew Rankashu would spill the information for an easy meal. So these leaves will speed up the process you say?,啊哈！我知道小草儿会为了一顿简单的饭而说出秘密。你说这些叶子会加速整个过程？
PROPQUEST_SCENARIO_INC_001887,I am eating now. I said 10 Boo Petals!,我正在吃饭呢。我说过了！10个花兽花瓣!
PROPQUEST_SCENARIO_INC_001888,"Collect 10 Boo Petal, then bring them to Reodos",收集10个花兽花瓣，然后把它们带给里奥多斯。
PROPQUEST_SCENARIO_INC_001890,Carrierbomb Commotion,骚动的爆破者
PROPQUEST_SCENARIO_INC_001891,"Well, here's to hoping! Hmm, Rankashu mentioned something about a strange woman. I wonder who it could be... ",好吧，为希望干杯! 嗯，小草儿提到了关于一个陌生女人的事情。我想知道这个人可能是谁...
PROPQUEST_SCENARIO_INC_001892,I'm trying to think who this strange woman could be!! In the meantime could you please go kill some Carrierbombs and then return to Rankashu!! I need more time to think!,我在想这个奇怪的女人会是谁！？在此期间，你能不能去杀一些爆破者，然后找到小草儿！！我需要一些的时间来思考！！
PROPQUEST_SCENARIO_INC_001893,Thank you thank you thank you!! Go kill 20 Small Carrierbombs & 15 Carrierbombs then return to Rankashu!,谢谢，非常感谢你！去杀20个小爆破者和15个爆破者，然后找到小草儿!
PROPQUEST_SCENARIO_INC_001894,Oh how am I ever supposed to concentrate with these stupid Carrierbombs making a racket!!!,哦，这些愚蠢的爆破者在吵闹，我怎么能集中精力呢！？
PROPQUEST_SCENARIO_INC_001895,Eh? You're here again? Do you want to know about the woman?,嗯？你又来了？你想知道那个女人的情况吗？
PROPQUEST_SCENARIO_INC_001896,Not yet? Kill the Carrierbombs quickly and go to Rankashu!,还没有？快去杀死爆破者，然后去找小草儿!
PROPQUEST_SCENARIO_INC_001897,Kill 20 Small Carrierbombs & 15 Carrierbombs and return to Rankashu.,杀死20个小爆破者和15个爆破者，找到小草儿。
PROPQUEST_SCENARIO_INC_001898,,
PROPQUEST_SCENARIO_INC_001899,The Dungeon Code,矿洞的门卡
PROPQUEST_SCENARIO_INC_001900,"Well fine fine! Guess I did finish eating now. Anyway! I saw this particular woman entering the Dekane Dungeon by herself. By the look of her outfit, she may have been a Psykeeper or something.",好吧，好吧! 我现在确实吃完了。不管怎么说！我看到这个特别的女人独自进入达肯地牢。从她的装束来看，她可能是一位精神使者。
PROPQUEST_SCENARIO_INC_001901,"Oh! You want to go in after her? Unfortunately, you can't just enter like that. You have to know how exactly!",哦！你想跟着她进去？不好意思，你不能就这样进入。你必须知道具体的方法!
PROPQUEST_SCENARIO_INC_001902,"If you want to learn how to enter the dungeon, you will need the key code from Cell back at the Erons Factory. He will tell you how to do it!",如果你想进入矿洞的话，需要从绿磷石工厂的飞儿那里得到门卡。他会告诉你怎么做!
PROPQUEST_SCENARIO_INC_001903,"Cell is at the Erons Factory, go ask him how to enter the dungeon.",飞儿在绿磷石工厂，去问他如何进入矿洞。
PROPQUEST_SCENARIO_INC_001904,"Well, there is no other way to get in! Don't look at me! It's not like I know anything!",好吧，没有其他方法可以进入! 别看我！我什么都不知道！
PROPQUEST_SCENARIO_INC_001905,Ah… I remember you from before... Why do you come to see me? Dekanes dungeon? Why would you want to enter that cursed mine?,啊……我记得我们以前见过……你为什么来找我？达肯矿洞？你为什么想进那座被诅咒的矿井？
PROPQUEST_SCENARIO_INC_001906,Did you meet Cell at Erons Factory?,你是在绿磷石工厂遇到飞儿的吗？
PROPQUEST_SCENARIO_INC_001907,Go to Cell,去找飞儿
PROPQUEST_SCENARIO_INC_001909,Onward Brave Fool!,勇敢的傻瓜！向前走吧！
PROPQUEST_SCENARIO_INC_001910,Ahh I see Cell has given you the code to enter the dungeon!,啊，我看到飞儿已经给了你进入地牢的卡片！我想这是一个很好的机会。
PROPQUEST_SCENARIO_INC_001911,"Just to be warned, the monsters in the dungeon are quite terrifying! If you feel you aren't prepared for the quest, please go train some more!",需要提醒的是，地牢里的怪物是相当可怕的！如果你觉得自己没有做好准备，请再去训练一下！
PROPQUEST_SCENARIO_INC_001912,Are you going to enter then and look for that woman?,那你要不要进去找那个女人呢？
PROPQUEST_SCENARIO_INC_001913,"Well, you are the bravest fool I've ever met. Let's hope this woman is worth all the effort! Hah!",好吧，你是我见过的最勇敢的傻瓜。我希望你为了这个女人付出的努力是值得的! 哈!
PROPQUEST_SCENARIO_INC_001914,"Changed your mind? Well if you aren't busy, maybe you could go bring me some more Greemong Jelly and Syliaca Fillets! I kid I kid! Haha!",你改变主意了吗？好吧，如果你不忙，也许你可以去给我带来更多的绿泥液和绿鳞片! 开玩笑啦! 哈哈!
PROPQUEST_SCENARIO_INC_001915,Woah! Surprised me! Shouldn't sneak up on a lady like that! Hehe.,哇哦! 让我吃惊！不应该这样偷偷摸摸地接近一位女士! 嘿嘿。
PROPQUEST_SCENARIO_INC_001916,"Well, are you going to head into the mine or are you reconsidering already?",嗯，你打算进如矿洞，还是已经在重新考虑了？
PROPQUEST_SCENARIO_INC_001917,Enter the Dekane Dungeon and search for the Mysterious Woman.,进入达肯地牢，寻找神秘女人。
PROPQUEST_SCENARIO_INC_001919,The Alluring Enchantress,蛊惑人心的恶魔
PROPQUEST_SCENARIO_INC_001920,"Ah! So you braved all the perils of the dungeon just to meet me eh? Oh my name? Well, I don't just give that out to anyone! Hehe.",啊！所以你冒着危险来见我？哦，我的名字？嗯，我不会随便把它给别人的! 嘻嘻。
PROPQUEST_SCENARIO_INC_001921,"Before I bestow upon you the most graceful name ever, you have to show me you are worthy to receive it! How? Oh its quite simple! Hehe. Just kill 20 Keakoon Guards!",在我告诉你有史以来最优雅的名字之前，让我看看你是否配得上！如何？怎么做？哦，这很简单! 嘿嘿。去杀掉20个奇昆警卫兵吧!
PROPQUEST_SCENARIO_INC_001922,There should be more than enough Keakoon Guards in this very dungeon. Just kill 20 of them and you will have the privilege of knowing my name!,在这个地牢里，应该有足够多的奇昆警卫兵。你只要杀死20个，就能有幸知道我的名字！
PROPQUEST_SCENARIO_INC_001923,"Oh well, I guess that is your loss then. Hehe.",哦，好吧，我想这是你的损失，哈哈。
PROPQUEST_SCENARIO_INC_001924,"Wow, that was quick! Apparently someone really wants to know my name? Hehe.",哇，真快啊! 显然，真的有人想知道我的名字？
PROPQUEST_SCENARIO_INC_001925,"Well, you could stand there and stare at me all day, but that won't kill those Keakoon Guards any faster now will it? Hehe.",好吧，你可以站在那里盯着我看一整天，但这样会更快地杀死那些奇昆警卫兵吗？呵呵。
PROPQUEST_SCENARIO_INC_001926,Kill 20 Keakoon Guards.,击杀20个奇昆警卫兵。
PROPQUEST_SCENARIO_INC_001928,Ainher's Request,音赫的请求
PROPQUEST_SCENARIO_INC_001929,"The name is Ainher. Yes, try not to let the pure beauty of it make you go completely deaf. I'm sure you didn't just come all this way to learn my name though, so what DID you come here for?",我叫音赫。是的，尽量别让这纯粹的美丽弄得你彻底失聪。不过我敢肯定，你可不是特意跑这么一趟只为了知道我的名字，那么你到底是来干什么的？
PROPQUEST_SCENARIO_INC_001930,"Hehe, how did you know about the original 8 heroes? Ah it's ok, I've had creepier stalkers! I am the reincarnation of the original Psykeeper Hero Offerep…",呵呵，你怎么知道最初的8个英雄的？啊，没关系，我遇到过更吓人的跟踪狂！我是最初的精神使者英雄奥菲瑞普的转世…
PROPQUEST_SCENARIO_INC_001931,"I see. So Reonan looks to reunite the original heroes. If t his is the case, then something important must be going on! Unfortunately, I am rather tied down at the moment with research…",我明白了。因此瑞尔南期待着与原来的英雄们重新团聚。如果是这样的话，那么一定是有什么重要的事情发生了! 不幸的是，我现在被研究工作束缚住了...
PROPQUEST_SCENARIO_INC_001932,"I guess if you maybe helped me to finish my research I would consider joining up. If you want to be of assistance to me, then please go talk to Drico and collect the Agony Ore.",我想如果你能帮助我完成研究，我会考虑加入的。如果你想对我有所帮助，那么请你去和德里科谈谈，并收集痛苦之石。
PROPQUEST_SCENARIO_INC_001933,"Agony Ore is quite rare, so I'm sure Drico won't be willing to hand it over right away… But, I guess that is now your problem! Hehe.",痛苦之石是相当罕见的，所以我肯定德里科不愿意马上交出它...但是，我想这现在是你的问题了！呵呵
PROPQUEST_SCENARIO_INC_001934,Change your mind so quickly I see? Guess you weren't in that much of a hurry to get my help then! Hehe.,我看你这么快就改变主意了？所以你根本没有那么急着让我帮忙! 呵呵。
PROPQUEST_SCENARIO_INC_001935,*Sniff* *Snort* Drico smell a stranger here? What stranger want? *sniff*,*嗅了嗅* *哼* 德里科闻到这里有陌生人吗？陌生人想要什么？*嗅*
PROPQUEST_SCENARIO_INC_001936,Hurry along now! Go find Drico and retrieve the Agony Ore!,现在快去吧! 去找德里科，拿回痛苦之石!
PROPQUEST_SCENARIO_INC_001937,Find Drico in Dekanes dungeon.,在达肯副本里找到德里科。
PROPQUEST_SCENARIO_INC_001939,Sweet Medication,甜蜜的药物
PROPQUEST_SCENARIO_INC_001940,Agony Ore? Khahahahaha! You say want Agony Ore? *snort* *sniff* Agony Ore very rare! I no trade!,痛苦之石？哈哈哈哈哈！你说想要痛苦之石？*哼* *闻* 痛苦矿石非常稀有！我不交易！
PROPQUEST_SCENARIO_INC_001941,*sniff*. Hmm...Maybe I change mind If do something for Drico! Tribe need sap of Roach Queen for medicine! *snort* You can collect for Drico?,*闻*。嗯……也许如果为德里科做点事情我会改变主意！部落需要毒花女王的汁液来做药！*哼* 你能帮德里科收集吗？
PROPQUEST_SCENARIO_INC_001942,"Collect sap from Pink Roach Queen and Blue Roach Queen, then bring to Drico.",从粉红毒花女王和蓝毒花女王身上收集汁液，然后带给德里科。
PROPQUEST_SCENARIO_INC_001943,You reject such a good chance now? *Sniff* *Sniff*. As you wish~,你要拒绝这么好的机会？*闻闻* 。好吧，如你所愿~
PROPQUEST_SCENARIO_INC_001944,*sniff* *sniff* Drico smell sweet sap!,*闻闻* 德里科闻到了甜美的汁液!
PROPQUEST_SCENARIO_INC_001945,Collect Pink Roach Queen Sap and Blue Roach Queen Sap! Sniff!,收集粉红毒花女王汁液和蓝毒花女王汁液! 闻一闻!
PROPQUEST_SCENARIO_INC_001946,Pink and Blue Roach Queen deep in dungeon. Please go gather their sap!,粉红和蓝色毒花女王在副本深处。请去收集它们的汁液!
PROPQUEST_SCENARIO_INC_001948,Collective Bargaining,集体谈判
PROPQUEST_SCENARIO_INC_001949,Give Drico Sap! Then Drico hand Ore to stranger! *snort*,把汁液给德里科! 那德里科就把痛苦之石交给陌生人! 
PROPQUEST_SCENARIO_INC_001950,Here take ore!,这是痛苦之石！
PROPQUEST_SCENARIO_INC_001951,You no want take now? *sniff* Drico need sap please!,你现在不想拿吗？*嗅* 德里科需要这些啦！
PROPQUEST_SCENARIO_INC_001952,"hehe, impressive! I knew you would find a way to obtain the ore!",嘿嘿，有魄力! 我就知道你会找到一个获得矿石的方法!
PROPQUEST_SCENARIO_INC_001953,Go take ore. Drico is busy now!,诺，痛苦之石，拿去便走吧。德里科现在很忙!
PROPQUEST_SCENARIO_INC_001954,Take the Agony Ore to Ainher.,带着痛苦之石去找音赫。
PROPQUEST_SCENARIO_INC_001956,Psykeeper Hero's Pendant,精神使者的英雄吊坠
PROPQUEST_SCENARIO_INC_001957,Just give me the ore and you have my word that I will reunite with Reonan and the rest of the gang. First I need a little time to examine the ore.,只要把矿石给我，我向你保证，我将与瑞尔南和其他人团聚。但是我需要一点时间先来检查矿石。
PROPQUEST_SCENARIO_INC_001958,"I can't leave this very moment, but here, take my pendant to Reonan. It will seal the deal! I will meet up with you again soon enough! Hehe.",我现在不能离开，但在这里，把我的吊坠拿给瑞尔南。我们就算完成了交易，我会很快和你再见面的! 嘻嘻。
PROPQUEST_SCENARIO_INC_001959,Please tell Reonan I am busy with important research but will come directly to him afterwards!,请告诉瑞尔南，我正忙于重要的研究，但之后会直接来找他。
PROPQUEST_SCENARIO_INC_001960,Eh? You don't want to leave here because of my radiant beauty? Guess I don't blame you!,嗯？你不想离开这里，因为我光芒四射的美貌？那我当然不会怪你了!
PROPQUEST_SCENARIO_INC_001961,You're back! How is Ainher doing? What? This is another of the pendants!,你回来了！音赫最近怎么样？什么？这是另一枚挂坠！
PROPQUEST_SCENARIO_INC_001962,Well what are you waiting for! Take the pendant to Reonan!,那你还等什么！？带着吊坠去找瑞尔南!
PROPQUEST_SCENARIO_INC_001963,Give Ainher's Pendant to Reonan.,把音赫的吊坠交给瑞尔南。
PROPQUEST_SCENARIO_INC_002141,The Last Hero,最后的英雄
PROPQUEST_SCENARIO_INC_002142,You know? You've grown a lot during the course of this all. We've almost reached the end of the initial phase though! We just need to find the last hero!,你知道吗？在这过程中，你已经成长了很多。虽然我们几乎已经达到了初始阶段的终点! 但是我们仍需要找到最后一个英雄!
PROPQUEST_SCENARIO_INC_002143,Shade's power grows progressively stronger… I can feel it…. We must hurry and find the last hero as soon as possible.,谢莉德的力量逐渐变强...我能感觉到... 我们必须抓紧时间，找到最后的英雄。
PROPQUEST_SCENARIO_INC_002144,I believe Achaben has more details on where we might find the last hero. Please go to him right away!,我相信雅察本有更多可以找到最后一位英雄的细节。请马上去找他!
PROPQUEST_SCENARIO_INC_002145,You can hear more details on where to find the last hero from Achaben! Please go and speak with him!,你可以从雅察本那里得到更多关于寻找最后一位英雄的细节! 请去和他谈谈吧!
PROPQUEST_SCENARIO_INC_002146,You cannot give up yet after everything we've worked for!,在我们做了这么多努力之后，你已经不能放弃了！
PROPQUEST_SCENARIO_INC_002147,"Yes~ Oh! You're here again, my lord.",是的~ 哦！你又来了，我的主人。
PROPQUEST_SCENARIO_INC_002148,Why haven't you left yet? Achaben is running the general store of Darken. Please go meet with him!,你为什么还不走？雅察本在经营达肯杂货店。请你去见他!
PROPQUEST_SCENARIO_INC_002149,Return to Darken and meet with Achaben.,回到达肯，与雅察本会面。
PROPQUEST_SCENARIO_INC_002151,"The High Magician, Laola",大魔导士，拉宇
PROPQUEST_SCENARIO_INC_002152,"I've heard you are still in search of the legendary heroes, no? I've heard of a powerful warrior undergoing extensive training in Darkon 3. This might be one of the warriors for which you are searching.",我听说你还在寻找传说中的英雄，是吗？我知道有一个强大的勇士在达肯3接受训练。这可能是你正在寻找的勇士之一。
PROPQUEST_SCENARIO_INC_002153,"I was informed of this warrior by my friend Laola, who works in Darkon 3. Please go meet with her for further details!",我的朋友拉宇告诉我这个勇士，她在达肯3，请去见她，了解更多细节！
PROPQUEST_SCENARIO_INC_002154,"Laola should be at her house in the forests of Darkon 3, where she works as a gardener. Just be aware, the area is overrun with many monsters!",拉宇应该在达肯3森林的房子里，她在那里当园丁。但是要注意，这个地区有很多怪物!
PROPQUEST_SCENARIO_INC_002155,"Too bad! Well if you are free, wanna help me complete some more deliveries?",太可惜了！不过如果你有空，想帮我完成一些吗？
PROPQUEST_SCENARIO_INC_002156,Hey now! Who are you? Why are you coming to my flower garden without any permission?,嘿，你是谁？你为什么没经过允许就来我的花园？
PROPQUEST_SCENARIO_INC_002157,Laola will be in Darkon 3. Please go find her!,拉宇在达肯3。请去找她!
PROPQUEST_SCENARIO_INC_002158,Go to Darkon 3 to find Laola,去达肯3找到拉宇
PROPQUEST_SCENARIO_INC_002160,The Perils of Gardening,园艺的危险
PROPQUEST_SCENARIO_INC_002161,Ohh! Achaben sent you! Sorry for the less than friendly greeting! I heard you are looking for the warrior about whom I spoke of to Achaben?,哦！雅察本让你来的！不好意思，我刚才不太友好。我听说你在找我和雅察本提过的那位勇士？
PROPQUEST_SCENARIO_INC_002162,"I have briefly seen her before, but I’m not entirely sure of her exact whereabouts. I do have a friend who claims to have seen this warrior recently…",我以前曾短暂地见过她，但现在并不确定她的具体行踪。但是我有一个朋友表明最近见过这位勇士...
PROPQUEST_SCENARIO_INC_002163,"I will introduce you to them, but first I need a little help! I do extensive gardening here in Darkon 3 but the Watangka tribes have been making my work difficult. Could you please eliminate some of them?",我会把你介绍给他们，但首先我需要一点帮助！我在达肯3这里做着大量的园艺工作，但巫民部落一直让我的工作变得困难。你能帮我消灭他们中的一些吗？
PROPQUEST_SCENARIO_INC_002164,Please hunt 20 Small Watangkas & 15 Watangkas and return to me. It is terribly difficult to garden in these conditions!,请猎杀20个巫民和15个巫民土著。在这样的条件下进行园艺是非常困难的!
PROPQUEST_SCENARIO_INC_002165,Please help eliminate the Watangka! It's hard enough to make a living already without them around!,请帮助消灭巫民土著! 他们的存在，让我们的生活已经非常艰难的了!
PROPQUEST_SCENARIO_INC_002166,Thank you so much!! Now I can work to get my next export of flowers out!,太感谢你了! 现在我可以努力种下一个花了!
PROPQUEST_SCENARIO_INC_002167,Please go and defeat the Watangka before they destroy any more of my flowers!,请去打败巫民土著，免得他们再毁掉我的花!
PROPQUEST_SCENARIO_INC_002168,Hunt 20 Small Watangkas & 15 Watangkas and return to Laola.,击杀20个巫民和15个巫民土著，并交给拉宇。
PROPQUEST_SCENARIO_INC_002170,The Nomadic Chef,流浪的厨师
PROPQUEST_SCENARIO_INC_002171,I've heard that the warrior in question is supposedly a powerful Billposter…,我听说这位勇士是一位强大的暴力技师。
PROPQUEST_SCENARIO_INC_002172,If you are looking for further information on them then please go to my friend Jinitte. He has traveled the continent of Darkon extensively and knows much of its happenings.,如果你在进一步寻找他们的信息，请去找我的朋友杰奴塔。他已经走遍了达肯大陆，对发生了什么事情很了解。
PROPQUEST_SCENARIO_INC_002173,Jinitte might just know where this hero is hiding out.,杰奴塔可能知道这位英雄的藏身之处。
PROPQUEST_SCENARIO_INC_002174,Rather hang around and help me garden? Haha I'm joking! I know you probably have much more important work to attend to!,宁愿在附近闲逛，帮我种花？哈哈，开个玩笑！我知道你可能有更重要的工作要做!
PROPQUEST_SCENARIO_INC_002175,Greetings Sir! You lookin to try my world famous cuisine!,向您问候! 你想尝尝我做的美味佳肴吗？
PROPQUEST_SCENARIO_INC_002176,Jinitte is a famous world travelling cook. He is currently selling food at the Nomads village.,杰奴塔是一位著名的世界旅行厨师。他目前在游牧村出售食物。
PROPQUEST_SCENARIO_INC_002177,Go find Jinitte at Nomads village in Central Darkon 3,去达肯3的游牧村找杰奴塔吧
PROPQUEST_SCENARIO_INC_002179,Roots of Flavor,树根的味道
PROPQUEST_SCENARIO_INC_002180,Ah~! You're the one lookin for that hero! Figured you were here to try some of my world famous cuisine!,啊~！你是那个寻找那个英雄的人！以为你是来尝试我的一些世界著名美食！
PROPQUEST_SCENARIO_INC_002181,"Haven't heard of me!? Well you my friend, must have been living under a pretty big rock for some time.",没听说过我！？我的朋友，你一定在地底世界下生活了一段时间
PROPQUEST_SCENARIO_INC_002182,"Maybe while you adjust to the light, you could do me a little favor? Afterwards I promise to tell you where to find that hero you are looking for!",也许当你适应光线时，你可以帮我一点忙？之后，我保证告诉你在哪里可以找到你要找的那个英雄！
PROPQUEST_SCENARIO_INC_002183,"Thanks!! Well, I'm working on my latest masterpiece dish, but first I need 10 Anti Roots. Please go obtain some from Antiquery!",谢谢！！好吧，我正在制作我的新杰作，但首先我需要 10 个树根。你可以从树精身上获取！
PROPQUEST_SCENARIO_INC_002184,Ahh nevermind then! Figured you might do me this one favor!,啊，那没关系！我想你可以帮我这个忙！
PROPQUEST_SCENARIO_INC_002185,Oh!! I was waiting for you. You came back earlier than I expected.,哦！我在等你，你比我预想的早回来。
PROPQUEST_SCENARIO_INC_002186,Please hunt Antiquery and bring me 10 Anti Roots.,请猎杀树精并带给我10个树根
PROPQUEST_SCENARIO_INC_002187,Hunt Antiquery and get 10 Anti Roots.,请猎杀树精并获得10个树根
PROPQUEST_SCENARIO_INC_002189,Solace in the Mountains,山间的慰藉
PROPQUEST_SCENARIO_INC_002190,The warrior you are looking for is currently training up at the Stone Mountain. I believe her to be the original hero Billposter.,您正在寻找的勇士目前正在巨石山训练，我相信她是最初的英雄暴力技师。
PROPQUEST_SCENARIO_INC_002191,She shouldn't be too hard to find. Seems like she's been training in the same spot for quite some time now. Plan to find her?,她应该不会太难找到，似乎她已经在同一个地方训练了很长一段时间了，打算找她吗？
PROPQUEST_SCENARIO_INC_002192,She typically can be found meditating high up in the mountains Southeast of this location. Good luck!,她通常在这个位置东南部的山脉高处冥想，祝你好运！ ！
PROPQUEST_SCENARIO_INC_002193,"Well, you can hang around, but don't think you will be eating for free here!",好吧，你可以四处闲逛，但不要以为你能在这里白吃白喝！
PROPQUEST_SCENARIO_INC_002194,"Hmm, I sense an unknown aura interfering with my meditation…",嗯，我感觉到一股未知的气息干扰了我的冥想…
PROPQUEST_SCENARIO_INC_002195,"Yes yes, my food smells delicious. Time for you to go accomplish your mission!",是的，是的，我的食物闻起来很美味。但你是时候该去完成你的任务了！
PROPQUEST_SCENARIO_INC_002196,Find the Billposter hero high in the mountains Southeast of Nomads Village.,在游牧村东南部的山脉中寻找暴力技师英雄。
PROPQUEST_SCENARIO_INC_002198,Billposter Hero - Sury,暴力技师英雄-叙里
PROPQUEST_SCENARIO_INC_002199,I'm very close to reaching a perpetual state of enlightenment. It is crucial that you don't…,我离永恒状态的启迪非常近了。 关键是你不能...
PROPQUEST_SCENARIO_INC_002200,Reonan!? He sent you? You seem rather weak for someone Reonan has supposedly entrusted so much knowledge to…,瑞尔南!?他派你来的？瑞尔南把这么多知识交付给了你，这让你看起来很虚弱.....
PROPQUEST_SCENARIO_INC_002201,"We will prove just what you are capable of. If you are successful in carrying out 3 tests, then our conversation will resume…",我们将证实你的能力。如果你成功地通过了3次测试，那么我们的对话才能继续…
PROPQUEST_SCENARIO_INC_002202,"First, please go and defeat 50 Small Luias & 35 Luias. This should be sufficient to prove to me that you are a worthy disciple of Reonan.",首先，请去打败50只小火鸟和35只火鸟。这应该足以向我证明你是一个当之无愧的瑞尔南的徒弟。
PROPQUEST_SCENARIO_INC_002203,"Well, you talk a big game. But remember, actions do speak louder than words. Lets see if you can complete the quest.",别说大话了。请记住，行动胜于雄辩。让我们看看你是否能完成任务。
PROPQUEST_SCENARIO_INC_002204,"If you do not wish to undergo the quest, then move along. I need absolute concentration.",如果你不想接受这个任务，那就请你离开。我需要绝对的专注。
PROPQUEST_SCENARIO_INC_002205,Hmm... You are definitely stronger than I previously imagined you would be…,嗯……你果然比我之前想象的要强得多……
PROPQUEST_SCENARIO_INC_002206,Please do not talk to me until you have defeated 20 Small Luias & 15 Luias.,在你击败20只小火鸟和15只火鸟之前，请不要和我说话！
PROPQUEST_SCENARIO_INC_002207,Hunt 50 Small Luias & 35 Luias and then speak with Sury,击杀50只小火鸟和35只火鸟，然后与叙里交谈。
PROPQUEST_SCENARIO_INC_002209,Sury's Test (1),叙里的测试 (1)
PROPQUEST_SCENARIO_INC_002210,"Do not fool yourself into believing that was the only test. Next, please defeat the Shuhamma for me.",不要自欺欺人地认为那是唯一的考验。接下来，请为我打败机械象。
PROPQUEST_SCENARIO_INC_002211,Are you still determined to prove your worth? You can back out at anytime.,你仍然有决心证明你的价值吗？你可以在任何时候退出。
PROPQUEST_SCENARIO_INC_002212,"Well then, hunt 50 Small Shuhammas & 35 Shuhammas for me.",那么，请为我狩猎50个小机械象和35个机械象吧！
PROPQUEST_SCENARIO_INC_002213,"Heh, a true warrior would never turn down a challenge.",呵，一个真正的勇士永远不会拒绝挑战。
PROPQUEST_SCENARIO_INC_002214,Impressive. Guess I should increase the difficulty of the next test if I wish to truly test you!,真令人印象深刻。如果我想真正考验你，我想我应该增加下一次测试的难度！
PROPQUEST_SCENARIO_INC_002215,The Shuhammas should be right at the bottom of this mountain. Please make haste and defeat 20 Small Shuhammas & 15 Shuhammas.,机械象应该在这座山的下边。请赶快打败20个小机械象和15个机械象。
PROPQUEST_SCENARIO_INC_002216,Hunt 50 Small Shuhammas & 35 Shuhammas and then speak with Sury,狩猎50只小机械象和35只机械象，然后与叙里交谈。
PROPQUEST_SCENARIO_INC_002218,Sury's Test (2),叙里的测试 (2)
PROPQUEST_SCENARIO_INC_002219,This will be my final task. Complete this and you will have proven yourself worthy enough to speak with me regarding Reonan's request.,这将是我的最终考验。完成这个，你就证明了你有足够的资格可以和我谈论瑞尔南的请求。
PROPQUEST_SCENARIO_INC_002220,The Shuhamma were hardly a challenge for you. Now I really wanna test your skill!. Please go hunt the Lord Shuhamma which servers as their leader!,机械象对你来说几乎不成挑战。现在我真的想考考你的本事！快去猎杀他们的首领机械象之王！
PROPQUEST_SCENARIO_INC_002221,"Hunting the Lord Shuhamma by yourself will be a daunting task. You might wish to enlist the aid of other warriors. But, if you DO defeat him solo, you will have truly earned my respect!",单独去猎杀机械象之王将是一项艰巨的任务。你可能希望寻求其他战士的帮助。不过，如果你真的能单独打败他，那我很敬佩你！
PROPQUEST_SCENARIO_INC_002222,You are a quite a brave adventurer. Go hunt 40 Captain Shuhammas & the Lord Shuhamma and let's see what you are truly made of!,你真是个勇敢的冒险者。去猎杀40个钢甲机械象和机械象之王，让我们看看你到底有多厉害！
PROPQUEST_SCENARIO_INC_002223,And here I was thinking you could do it! Maybe I was wrong about you...,我还以为你能做到呢！也许我对你判断错了……
PROPQUEST_SCENARIO_INC_002224,"That was surely no easy feat. You have earned my respect stranger! My name is Sury, the original Billposter Hero",这当然不是一件容易的事。你赢得了我的尊敬，陌生人！我的名字是叙里，第一位暴力技师英雄
PROPQUEST_SCENARIO_INC_002225,You still have yet to hunt 40 Captain Shuhammas & the Lord Shuhamma? Return to me once you are finished!,你还没有猎杀40个钢甲机械象和机械象之王吗？完成后再回来找我！
PROPQUEST_SCENARIO_INC_002226,Hunt 40 Captain Shuhammas & the Lord Shuhamma and go back to Sury.,猎杀40个钢甲机械象和机械象之王，然后去找叙里。
PROPQUEST_SCENARIO_INC_002228,Sury's Dilemma,叙里的困境
PROPQUEST_SCENARIO_INC_002229,"I've been training up here so long. I feel that I'm so close to achieving a heightened level of power, but there is something missing…",我在这上面训练了这么久。我觉得我的力量达到了更高水平了，但还缺少一些东西......
PROPQUEST_SCENARIO_INC_002230,"I don't know why… I just feel like there is something missing… and this ""thing"" is keeping me from realizing my true inner potential.","我不知道为什么......我只是觉得缺少一些东西......而这个 ""东西 ""使我无法激发我真正的内在潜力。"
PROPQUEST_SCENARIO_INC_002231,Could you please seek my mentor (Billposter Guardian) Capafe and explain my dilemma. He will surely understand…,你能不能找我的导师（暴力技师护侍）卡帕菲，并向他阐述我的困境。他一定会理解的...
PROPQUEST_SCENARIO_INC_002232,Thank you! Please get advice from (Billposter Guardian) Capafe.,谢谢！请从（暴力技师护侍）卡帕菲那里得到一些建议。
PROPQUEST_SCENARIO_INC_002233,You can't possibly stop now. You play an important role in things to come!,你不能现在就停下来。你的行为将会影响未来的事情!
PROPQUEST_SCENARIO_INC_002234,"Welcome, I have been expecting you.",欢迎回来，我一直在等着你。
PROPQUEST_SCENARIO_INC_002235,(Billposter Guardian) Capafe is located in Southern Darkon 3 along with the other Guardians.,（暴力技师护侍）卡帕菲与其他守护者都位于达肯3的南部。
PROPQUEST_SCENARIO_INC_002236,Find (Billposter Guardian) Capafe.,找到（暴力技师护侍）卡帕菲
PROPQUEST_SCENARIO_INC_002238,Enlightenment Shard,启迪碎片
PROPQUEST_SCENARIO_INC_002239,"Sury is currently in a perpetual state of self doubt. Despite her unyielding dedication to her training, there is a self-realization she alone will have to make…",叙里现在正处于一个持续的自我怀疑状态。尽管她在坚持不懈的训练，但她仍不得不独自实现自我救赎……
PROPQUEST_SCENARIO_INC_002240,Go to Fera to get the Enlightenment Shard. She will tell you.,去菲拉那获取启迪碎片。她会向你解释的。
PROPQUEST_SCENARIO_INC_002241,"We may be able to assist her in making this realization though… Find Fera, the Billposter Priest, at the Altar of Billposter North of here. She might know of a way…",不过，我们或许可以帮助她实现这一目标…在此处北边的暴力技师祭坛找到暴力技师祭司菲拉。 她可能知道一种方法...
PROPQUEST_SCENARIO_INC_002242,Don't refuse your destiny!,不要抗拒你的命运!
PROPQUEST_SCENARIO_INC_002243,"The Guardian has sent you, right? I was waiting for you…",是护侍派你来的吗？我一直在等你...
PROPQUEST_SCENARIO_INC_002244,Fera is Bill Poster Priest at the Bill Poster Altar. You shall find her there. I'm sure she is already expecting you.,菲拉是暴力技师祭坛的暴力技师祭司。你会在那里找到她的。我敢肯定她已经在等你了。
PROPQUEST_SCENARIO_INC_002245,Find Fera in Billposter Alter,在暴力技师祭坛找到菲拉
PROPQUEST_SCENARIO_INC_002247,Fera's Test,菲拉的考验
PROPQUEST_SCENARIO_INC_002248,"Sury's mind is currently clouded with doubt, as the Guardian had mentioned. In her current state, she will never reach enlightenment regardless of how hard she trains…",正如护侍所说，现在叙里的脑海中充满了自我怀疑。以她现在的状态，再怎么努力修炼，也永远不会突破...
PROPQUEST_SCENARIO_INC_002249,"To help grant her thoughts a renewed sense of clarity, we must bring her a Shard of Enlightenment. First I must test your own personal strength. Do you accept?",为了让她的思绪重新变得清晰，我们必须给她带来一点启迪。但首先，我必须考验你的个人实力。你接受吗？
PROPQUEST_SCENARIO_INC_002250,I knew you wouldn't back away from this challenge. Please hunt 60 Small Kern and 40 Kern located in Southern Darkon 3.,我就知道你不会在这个挑战中退缩。请在达肯3南部猎杀60个石魔和40个岩裂石魔。
PROPQUEST_SCENARIO_INC_002251,We must not falter in the face of adversity!,我们决不能在逆境中动摇!
PROPQUEST_SCENARIO_INC_002252,I never doubted your skill for a second!,我从来没有怀疑过你的能力！
PROPQUEST_SCENARIO_INC_002253,Please go and hunt down the Kern as a test of your own strength.,请去猎杀岩裂石魔以测试你自己的力量。
PROPQUEST_SCENARIO_INC_002254,"Hunt 60 Small Kern and 40 Kern located in Southern Darkon 3, then talk with Fera.",猎杀位于达肯3南部的60个石魔和40个岩裂石魔，然后与菲拉交谈。
PROPQUEST_SCENARIO_INC_002256,Out of the Oven and into the Fire,走出炼狱，迈入烈火
PROPQUEST_SCENARIO_INC_002257,"In order to complete the process required to create a Shard of Enlightenment, we must first acquire an Infernal Stone",为了制作启迪碎片，我们首先需要获得一块地狱之石
PROPQUEST_SCENARIO_INC_002258,Please defeat 30 Captain Kerns and acquire the Infernal Stone which should be located somewhere around them.,请击败 30 个熔岩石魔并获得位于他们周围某处的地狱之石。
PROPQUEST_SCENARIO_INC_002259,"Great! Once you have acquired the Infernal Stone, take it to Capafe and ask about the next step of the process.",太棒了！一旦你获得了地狱之石，就把它带给卡帕菲，然后询问下一步的过程。
PROPQUEST_SCENARIO_INC_002260,"If you wish Sury to return to her original state, this is the only way.",如果你希望叙里恢复到初始状态，这是唯一的办法。
PROPQUEST_SCENARIO_INC_002261,I have been waiting for you. I see that you have acquired an Infernal Stone.,我一直在等你。我想你已经拿到了一块地狱之石。
PROPQUEST_SCENARIO_INC_002262,"Please hurry, I'm sure Capafe is waiting for us!",请快点！我确信卡帕菲正在等我们！
PROPQUEST_SCENARIO_INC_002263,"Hunt 30 Captain Kern, acquire the Infernal Stone, then talk with Capafe.",猎杀30个熔岩石魔，获得地狱之石，然后和卡帕菲谈谈。
PROPQUEST_SCENARIO_INC_002265,Stone of Enlightenment,启迪之石
PROPQUEST_SCENARIO_INC_002266,"In order to create a Shard of Enlightenment, we will need to fuse together an Infernal Stone and an Angelic Stone.",为了制作启迪碎片，我们需要将地狱之石和天使之石融合在一起。
PROPQUEST_SCENARIO_INC_002267,Please return to Fera and explain to her what it is you need.,请返回菲拉处并向她说明你还需要什么。
PROPQUEST_SCENARIO_INC_002268,She will be able to explain in greater detail about how to acquire an Angelic Stone.,她会更详细地向你解释如何获得天使之石。
PROPQUEST_SCENARIO_INC_002269,We could all use your assistance right now…,我们现在都需要你的帮助…
PROPQUEST_SCENARIO_INC_002270,Ah! You've returned! What did Capafe have to say of the issue?,啊! 你回来了！卡帕菲对这个问题有什么想法吗？
PROPQUEST_SCENARIO_INC_002271,Ask Fera about the Angelic Stone.,向菲拉询问关于天使之石的事
PROPQUEST_SCENARIO_INC_002272,,
PROPQUEST_SCENARIO_INC_002274,Look for Angelic Stone,寻找天使之石
PROPQUEST_SCENARIO_INC_002275,Oh! Of course! It was an Angelic Stone that we require to complete the transmutation!,哦！当然！天使之石是我们完成突破所必需的物品！
PROPQUEST_SCENARIO_INC_002276,You can find Angelic Stones in Southern Darkon 3 near the Captain Glaphans. Will you please defeat them and acquire the stone?,你可以在达肯3南部的变异食人鱼附近找到天使石。你可以打败它们并获得这块石头吗？
PROPQUEST_SCENARIO_INC_002277,"Good! Please defeat 60 Captain Glaphan and acquire the Angelic Stone. Once the stone is in your possession, return to Capafe!",不错！请击杀60个变异食人鱼并获取天使之石。一旦你拿到了这块石头，返回卡帕菲处！
PROPQUEST_SCENARIO_INC_002278,Are you giving up?,你要放弃了吗？
PROPQUEST_SCENARIO_INC_002279,You have found the Angelic Stone! Now I can create a Shard of Enlightenment by combining both of the stones.,你成功的拿到了天使之石！现在我能使用这两块石头来制作启迪碎片了。
PROPQUEST_SCENARIO_INC_002280,We have no time for idle conversation. Please retrieve the stone!,我们没有时间闲聊。请拿到那块石头！
PROPQUEST_SCENARIO_INC_002281,"Hunt 60 Captain Glaphans, acquire the Angelic Stone, then take it to Capafe for transmutation.",猎杀60个变异食人鱼并获取天使之石，然后将石头带给卡帕菲进行融合。
PROPQUEST_SCENARIO_INC_002283,Sury's Realization,叙里的领悟
PROPQUEST_SCENARIO_INC_002284,The process of transmutation required to create the Shard of Enlightenment will take just a moment…,只需片刻的融合过程便能制作出启迪之石...
PROPQUEST_SCENARIO_INC_002285,It is finished. Please bring the Shard of Enlightenment to Sury as soon as you can.,启迪碎片制作完成！请尽快将启迪碎片交给叙里。
PROPQUEST_SCENARIO_INC_002286,Thank you. This should help bring the clarity to her thoughts that Sury requires.,非常感谢。这样应该能帮助叙里理清自己的想法。
PROPQUEST_SCENARIO_INC_002287,It would be most unwise to deny this request…,拒绝这个请求是非常愚蠢的行为…
PROPQUEST_SCENARIO_INC_002288,I see you have returned. What has transpired?,我看你回来了。这期间发生了什么？
PROPQUEST_SCENARIO_INC_002289,Please hurry. Sury needs our aid.,请尽快。叙里需要我们的帮助。
PROPQUEST_SCENARIO_INC_002290,Hand the Shard of Enlightenment to Sury.,请将启迪碎片交给叙里。
PROPQUEST_SCENARIO_INC_002292,In Safe Hands,值得信赖的人
PROPQUEST_SCENARIO_INC_002293,"This Shard, it has made everything so much clearer! I have recovered the part of myself that I lost along the way. I was once Roentel, Hero Billposter…",这个碎片，它让一切变得更加清晰了！我已经找回了这一路上我遗失的那部分自己。 我曾经是罗瓦特，暴力技师英雄……
PROPQUEST_SCENARIO_INC_002294,I now see the gravity of this situation…the peril that Madrigal is truly in. I understand why Reonan is seeking us out!,我现在意识到了这种情况的严重性…瑞加大陆现在是真的处于危险之中。我明白瑞尔南为什么要找我们了！
PROPQUEST_SCENARIO_INC_002295,"First, could you perhaps complete one favor for me? I left my pendant to Capafe before I decided to isolate myself up here on this mountain to train.",首先，你能不能帮我办个事？ 在我决定将自己隔离在这座山上训练之前，我把我的吊坠交给了卡帕菲。
PROPQUEST_SCENARIO_INC_002296,Thank you yet again! Capafe should have the pendant. Go and ask her if she could return it.,再次感谢你！卡帕菲现在应该拿着吊坠。去问问她能不能将吊坠交还给我。
PROPQUEST_SCENARIO_INC_002297,"This pendant is an important symbol of trust, you must acquire it!",这条吊坠是信任的重要象征，你必须拿到它！
PROPQUEST_SCENARIO_INC_002298,I'm glad to hear that Sury has reached this realization.,我很高兴听到叙里已经实现了突破。
PROPQUEST_SCENARIO_INC_002299,Capafe should have the pendant. Go and inquire about it.,卡帕菲应该携带着吊坠。请前去询问关于吊坠的事情。
PROPQUEST_SCENARIO_INC_002300,Ask Capafe for Sury's Pendant.,询问卡帕菲和叙里的吊坠相关的事情。
PROPQUEST_SCENARIO_INC_002302,Reclaiming the Pendant,回收吊坠
PROPQUEST_SCENARIO_INC_002303,"Ahh the Pendant. When Sury left it to me a long time ago, I kept it in a barren desert, untraversed by man.",啊，吊坠。很久以前，叙里把它留给我时，我把它放在一片荒芜的沙漠中。
PROPQUEST_SCENARIO_INC_002304,"Unfortunately at some point, Chimeradons came to discover it and took it for their own. Since then, I have been unable to locate it…",不幸的是，在某个时候，变种蝙蝠们发现了它并将其据为己有。从那以后，我一直找不到它……
PROPQUEST_SCENARIO_INC_002305,Could you please find the pendant for me?,你能帮我找回吊坠吗？
PROPQUEST_SCENARIO_INC_002306,Thank you for your assistance. I feel that the pendant is currently being held by a Chimeradon. Please reclaim it from him then show me so I may rest assured it is returned.,谢谢你的帮助。我觉得这个项链被变种蝙蝠拿走了，请从他那里收回，然后给我。
PROPQUEST_SCENARIO_INC_002307,Please find the pendant. I feel it is partly my responsibility for the pendants disappearance…,请找到这个吊坠。我觉得我对吊坠的失踪要负部分责任...
PROPQUEST_SCENARIO_INC_002308,You have returned. I hope you have succeeded in acquiring the pendant.,你回来了，我希望你已经成功地找到了吊坠。
PROPQUEST_SCENARIO_INC_002310,Defeat the Chimeradon and show Capafe the pendant.,打败变种蝙蝠然后将吊坠带给卡帕菲。
PROPQUEST_SCENARIO_INC_002309,The pendant is currently held by a Chimeradon. Go and retrieve it from his undeserving hands!,该吊坠目前被变种蝙蝠夺走了，请从他那污浊的手中将吊坠拿回来！
PROPQUEST_SCENARIO_INC_002312,To the Real Owner,交还给真正的主人
PROPQUEST_SCENARIO_INC_002313,Thank you. I can now rest assured knowing that the pendant will be returned to its rightful owner.,谢谢你。现在我可以放心了，我就知道吊坠最终会回到它真正主人的手中。
PROPQUEST_SCENARIO_INC_002314,"Will you please take the pendant to Sury, I'm sure she is anxious to receive it.",请你将吊坠交给叙里，我相信她现在非常迫切想拿到它。
PROPQUEST_SCENARIO_INC_002315,"Hurry over to Sury, I'm sure she is anxious to receive the pendant.",快点去找叙里吧，她现在肯定非常着急要拿到吊坠。
PROPQUEST_SCENARIO_INC_002316,Please rethink your decision. This pendant is quite important to Sury.,请重新考虑您的决定。这个吊坠对叙里来说非常重要。
PROPQUEST_SCENARIO_INC_002317,You have recovered the pendant!,你拿到吊坠了！
PROPQUEST_SCENARIO_INC_002318,Take the pendant back to Sury.,把吊坠还给叙里。
PROPQUEST_SCENARIO_INC_002319,Deliver the Hero's Pendant to Sury.,将英雄的吊坠交给叙里。
PROPQUEST_SCENARIO_INC_002321,Billposter Hero's Pendant,暴力技师英雄的吊坠
PROPQUEST_SCENARIO_INC_002322,"We have very little time. Even as we speak, I can sense the growing darkness around us…",时间越来越紧迫了。即使在我们说话的这小段时间，我都能感觉到黑暗逐渐包围了我们的四周…
PROPQUEST_SCENARIO_INC_002323,Will you bring my pendant to Reonan? Please let him know that the time is now for us to unite.,你能把我的吊坠带给瑞尔南吗？请让他知道现在是时候让我们团结起来了。
PROPQUEST_SCENARIO_INC_002324,"Now that you have the pendant, hurry and give it to Reonan!",现在你拿到了吊坠，请尽快交给瑞尔南。
PROPQUEST_SCENARIO_INC_002325,"Ahh this is Sury's pendant! The time has once again come that we rise to the challenge before us! With allies like you by our side, we will be prepared for challenges Shade presents us with!",啊，这是叙里的吊坠！是时候正面迎接我们面前的挑战了！有你们这样的盟友在身边，我们就能做好万全的准备来迎接挑战！
PROPQUEST_SCENARIO_INC_002326,Please take this pendant to Reonan!,请将这条吊坠带给瑞尔南！
PROPQUEST_SCENARIO_INC_002327,Bring the Heroes Pendant to Reonan,将英雄吊坠带给瑞尔南
PROPQUEST_SCENARIO_INC_002328,Rumble in the Mountains,山间轰鸣
PROPQUEST_SCENARIO_INC_002329,Strange sounds have been coming from the Leren Mountains. I recall Martinyc once speaking of a myth about creatures that roam deep within the mountain caves.,奇怪的声音一直从乐雅山脉传出来。我记得玛缇雅克曾经提到过一个关于在山洞深处游荡的生物的传说。
PROPQUEST_SCENARIO_INC_002330,Could you go check with her to see if she has any information about what could be causing this disturbance?,你能去问问她，看她有没有关于是什么引起这种扰动的信息吗？
PROPQUEST_SCENARIO_INC_002331,Martinyc is likely reading her books as always. Go speak with her to find out more information.,玛缇雅克很可能像往常一样在看她的书。去和她聊聊，了解更多信息。
PROPQUEST_SCENARIO_INC_002332,Leren Mountains is a dangerous place. I do not blame you for wanting to stay within the safety of Flarine.,乐雅山脉是个危险的地方。我也不想责备你要待在帕里的安全区域内。
PROPQUEST_SCENARIO_INC_002333,Oh... the Mayor sent you! And he says that there has been a disturbance in the Leren Mountains...,哦……市长派你来的！他说乐雅山脉那里发生了骚乱……
PROPQUEST_SCENARIO_INC_002334,Seek out Martinyc for information on the rumblings of Leren Mountains.,去找玛缇雅克了解乐雅山脉的情况。
PROPQUEST_SCENARIO_INC_002335,Meet with Martinyc.,与玛缇雅克见面。
PROPQUEST_SCENARIO_INC_002336,Demian Deviants,迪米的异样
PROPQUEST_SCENARIO_INC_002337,I once had a book that contains legends of the beasts that live within the caves of the Leren Mountains... but it was stolen by a pack of Demians during my research.,我曾经有一本书，里面记载了生活在乐雅裂痕里的野兽传说……但是在我研究期间，它被一群迪米偷走了。
PROPQUEST_SCENARIO_INC_002338,If you return my book to me I may be able to help.,如果你把我的书带回来，我可能能帮忙。
PROPQUEST_SCENARIO_INC_002339,I have a feeling that the Demians still have my book of legends. Search for my book in Madren Town. You may have to get your hands a bit dirty...,我觉得迪米还拿着我的传说之书。在迪米村找找我的书。你可能得稍微动点手脚……
PROPQUEST_SCENARIO_INC_002340,Madren Town is no place for commoners to travel. I could never expect you to risk your life for my book. Thank you for listening to me anyway.,迪米村可不是普通人可以去的地方。我从没想过你会为我的书冒生命危险。不管怎样，还是谢谢你愿意听我说。
PROPQUEST_SCENARIO_INC_002341,"You found my book, thank you so much! Now to find the legend of the Leren Chasm...",你找到了我的书，太感谢了！现在去寻找乐雅传说吧……
PROPQUEST_SCENARIO_INC_002342,Please find my book! I'm positive it is still in Madren Town.,请帮我找到我的书！我确定它还在迪米村。
PROPQUEST_SCENARIO_INC_002343,"Kill 15 Demian and find the Legend of Leren Mountains, then return to Martinyc.",击杀15个迪米，并找到乐雅传说，然后回玛缇雅克那。
PROPQUEST_SCENARIO_INC_002344,Magic Mushrooms,魔法菌菇
PROPQUEST_SCENARIO_INC_002345,Within this book lies the secrets to the distubances in the Leren Mountains... ,这本书里隐藏着乐雅山脉骚动的秘密……
PROPQUEST_SCENARIO_INC_002346,The legend states that long ago packs of trolls ruled the creatures that made the Leren Mountains their home. ,传说很久以前，一群巨魔统治着那些以乐雅山脉为家的生物。
PROPQUEST_SCENARIO_INC_002347,"Through disease, famine, and bickering betweeen Masquerpets, the trolls retreated from the Leren Mountains into the caves.",由于疾病、饥荒以及怪兽之间的纷争，巨魔离开了乐雅山脉，躲进了洞穴里。
PROPQUEST_SCENARIO_INC_002348,"The caves were said to contain magical mushrooms that could prolong the life of those who ate them, and it is said that the trolls who once lived in the cave may still live there, in the darkness.",据说这些洞穴里有能延长食用者寿命的魔法蘑菇，还有人说曾经住在洞里的巨魔可能仍然住在那里，在黑暗中。
PROPQUEST_SCENARIO_INC_002349,Perhaps a sample of the local fungi could hold some clues...,也许当地的菌菇样本能提供一些线索……
PROPQUEST_SCENARIO_INC_002350,"A Lord Mushpang roams just north of Eastern Flarine... Bring a sample of the giant mushroom to the cook Sotta, who can tell you more about the magical properties of Flaris fungi.",一只嘭嘭菇之王在帕里东广场郊外的北方徘徊……带一块奇异菌菇给厨师苏丹，他可以告诉你更多关于帕里蘑菇的魔法特性。
PROPQUEST_SCENARIO_INC_002351,Oh... are you allergic to mushrooms!? Nevermind... perhaps we can find another person for the job.,哦……你对蘑菇过敏吗！？算了……也许我们可以找别人来做这件事。
PROPQUEST_SCENARIO_INC_002352,"Ah, Flaris fungi! The mushrooms of Flaris have always been said to have magical properties...",啊，帕里的奇异菌菇！帕里的蘑菇一直以来都被认为具有魔法特性……
PROPQUEST_SCENARIO_INC_002353,Collect a sample of the Lord Mushpang and deliver it to Sotta.,采集嘭嘭菇之王的样本并交给苏丹。
PROPQUEST_SCENARIO_INC_002354,Collect a sample of Flaris Fungi from a Lord Mushpang.,从嘭嘭菇之王身上采集帕里奇异菌菇的样本。
PROPQUEST_SCENARIO_INC_002355,Fun with Fungi,菌菇的乐趣
PROPQUEST_SCENARIO_INC_002356,Cooking with Flaris fungi brings out the properties of vitality in a dish...,用帕里的奇异菌菇烹饪，能激发出料理中的活力特性……
PROPQUEST_SCENARIO_INC_002357,It is not hard to believe that a Masquerpet may be able to extend its life by eating the magical fungi.,不难相信，怪物可以通过食用这种魔法菌菇来延长寿命。
PROPQUEST_SCENARIO_INC_002358,"I am a seasoned cook, but Marche knows more about the magic of Madrigal.",我是个经验丰富的厨师，但玛尔琪更了解瑞加大陆的魔法。
PROPQUEST_SCENARIO_INC_002359,Marche has always been an expert on the magical properties of the plant life in the region... Go speak with Marche to learn more about the magic within the Flaris fungi.,玛尔琪一直是这一带植物魔法特性方面的专家……去和玛尔琪谈谈，了解更多关于帕里菌菇中魔法的信息吧。
PROPQUEST_SCENARIO_INC_002360,"Magic is powerful, and sometimes scary. I understand if you do not want to speak to Marche.",魔法强大，有时也令人畏惧。如果你不想和玛尔琪交谈，我能理解。
PROPQUEST_SCENARIO_INC_002361,"Oh, hello! So Sotta sent you to me. I wonder if you are prepared to seek out the magic behind these mushrooms...",哦，你好！原来是苏丹派你来的啊。不知道你是否准备好探寻这些蘑菇背后的魔法……
PROPQUEST_SCENARIO_INC_002362,Speak to Marche to learn more about the magic of Flaris fungi.,与玛尔琪交谈，了解更多关于帕里菌菇魔法的信息。
PROPQUEST_SCENARIO_INC_002363,Meet with Marche.,与玛尔琪会面。
PROPQUEST_SCENARIO_INC_002364,The Mystery of Leren Chasm Part 2,乐雅裂痕之谜 第二部分
PROPQUEST_SCENARIO_INC_002365,Magic in the Air,空气中的魔法
PROPQUEST_SCENARIO_INC_002366,"Hmm... well, I believe the magical properties of these mushrooms originally came from spores that fall from the wings of Mothbees.",嗯……我认为这些蘑菇的魔法特性，最初来自苍翼蜂蛾翅膀上掉落的孢子。
PROPQUEST_SCENARIO_INC_002367,With a sample of Mothbee Spores I may be able to recreate the potent vitality mushrooms that may have allowed a troll to live much longer than normal...,有了飞蛾孢子的样本，我或许能重现那种强效的活力蘑菇——正是它可能让巨魔活得比平常久得多……
PROPQUEST_SCENARIO_INC_002368,"The wings of Mothbees shed spores constantly. Please, go defeat the Mothbees flying above Flaris, and bring me a sample of the spores!",苍翼蜂蛾的翅膀不断掉落孢子。请去击败飞翔在帕里上空的苍翼蜂蛾，给我带一份孢子样本回来！
PROPQUEST_SCENARIO_INC_002369,"Mothbees can be vicious creatures. If you don't want to get knocked off your broom, it is best if you leave them alone.",苍翼蜂蛾是凶猛的生物。如果你不想被从扫帚上撞下来，最好别去招惹它们。
PROPQUEST_SCENARIO_INC_002370,"Ah, you found the spores! I should be able to concoct something from these...",啊，你找到孢子了！我应该能用这些调配出些什么……
PROPQUEST_SCENARIO_INC_002371,"Collect a sampling of Mothbee Spore, and bring them back to me.",采集飞蛾孢子的样本，带回来给我。
PROPQUEST_SCENARIO_INC_002372,Collect 10 Mothbee Spore and bring them to Marche.,收集10个飞蛾孢子并交给玛尔琪。
PROPQUEST_SCENARIO_INC_002373,Sage Advice,贤者的建议
PROPQUEST_SCENARIO_INC_002374,I feel we are getting close to solving the mystery behind the magic mushrooms in Flaris...,我觉得我们快要解开帕里魔法蘑菇背后的谜团了……
PROPQUEST_SCENARIO_INC_002375,The wise sage Radion in the North of Leren Mountains has lived in Flaris longer than most residents have been alive. ,乐雅山脉北部的贤者拉迪温，在帕里生活的时间比大多数居民在世的时间还要长。
PROPQUEST_SCENARIO_INC_002376,Go speak with the sage Radion and see if he knows anything about the power within the Elixir of Vitality!,去和贤者拉迪温谈谈，看看他是否知道灵力药剂中的力量！
PROPQUEST_SCENARIO_INC_002377,"Radion is a bit of a hermit, but he means no harm. I cannot force you to speak to him if you do not want to, though.",拉迪温有点隐士作风，但他并无恶意。不过，如果你不愿意，我也不能强迫你去和他交谈。
PROPQUEST_SCENARIO_INC_002378,Hello adventurer... I see Marche has sent you to me with something interesting in hand.,你好，冒险者……看来是玛尔琪派你来找我的，手里还拿着有趣的东西。
PROPQUEST_SCENARIO_INC_002379,Speak with Radion to find out information about the magic within the Elixir of Vitality.,与拉迪温交谈，了解灵力药剂中魔法的信息。
PROPQUEST_SCENARIO_INC_002380,Meet with Radion.,与拉迪温会面。
PROPQUEST_SCENARIO_INC_002381,Seeking Leren Chasm,寻找乐雅裂痕
PROPQUEST_SCENARIO_INC_002382,Interesting... even with my vast knowledge of Flaris I know very little about the troll migration to the Leren Chasm.,有意思……即便我对帕里知之甚多，对巨魔迁徙到乐雅裂痕的事也几乎一无所知。
PROPQUEST_SCENARIO_INC_002383,Perhaps it is time to go explore the Leren Chasm to find out more about the powers behind the Elixir of Vitality.,也许是时候去探索乐雅裂痕了，去了解更多关于灵力药剂背后的力量。
PROPQUEST_SCENARIO_INC_002384,The secret behind the longevity of the Leren Chasm trolls begins with finding the entrance to their cave. Search for the entrance to the Leren Chasm and return to me at once!,解开乐雅裂痕巨魔长寿之谜，要从找到它们的洞穴入口开始。寻找乐雅裂痕的入口，然后立刻回来找我！
PROPQUEST_SCENARIO_INC_002385,"The trolls of the Leren Mountains were believed to be part of a fierce army. If you are not comfortable seeking out the trolls, I will understand.",乐雅山脉的巨魔据说属于一支凶悍的军队。如果你不愿意去寻找巨魔，我能理解。
PROPQUEST_SCENARIO_INC_002386,"I see, so that's where the Leren Chasm is hidden...",原来如此，乐雅裂痕就隐藏在那里啊……
PROPQUEST_SCENARIO_INC_002387,"Search for the entrance to the Leren Chasm, then return to me.",寻找乐雅裂痕的入口，然后回来找我。
PROPQUEST_SCENARIO_INC_002388,"Locate the entrance to the Leren Chasm in the Leren Mountains, and report back to Radion.",在乐雅山脉中找到乐雅裂痕的入口，然后向拉迪温报告。
PROPQUEST_SCENARIO_INC_002389,Prepare to Dive!,准备下潜！
PROPQUEST_SCENARIO_INC_002390,"Now that we know where the Leren Chasm is, I have stationed a guard outside the cave to prevent anyone from accidently going inside.",既然我们知道了乐雅裂痕的位置，我已经在洞外安排了一名守卫，防止有人误入其中。
PROPQUEST_SCENARIO_INC_002391,"From here on adventurer, you must delve into the Leren Chasm if we are ever to know the truth. Please speak to the Leren Chasm guard when you are ready to explore the caves.",从现在起，冒险者，如果我们想知道真相，你就必须深入乐雅裂痕。当你准备好探索洞穴时，请和乐雅裂痕的守卫谈谈。
PROPQUEST_SCENARIO_INC_002392,"What you find in the caves of Leren Chasm may be terrifying, but I sense a special kind of bravery within you adventurer... When you are ready go speak to the guard outside the Leren Chasm.",你在乐雅裂痕洞穴中发现的东西可能很可怕，但我在你身上感受到了一种特别的勇气，冒险者……准备好了就去和乐雅裂痕外的守卫谈谈。
PROPQUEST_SCENARIO_INC_002393,"Without you, the mystery of the Leren Chasm trolls may never be resolved. No matter though...",没有你，乐雅裂痕巨魔之谜可能永远无法解开。不过也无所谓……
PROPQUEST_SCENARIO_INC_002394,"Welcome to the Leren Chasm. I am here to prevent those who are ill-prepared from entering and befalling an early death... I see Radion sent you though, you seem prepared.",欢迎来到乐雅裂痕。我在此是为了阻止准备不足的人进入而白白送命……不过看来是拉迪温派你来的，你似乎准备充分。
PROPQUEST_SCENARIO_INC_002395,Seek out the guard in front of the Leren Chasm.,寻找乐雅裂痕前的守卫。
PROPQUEST_SCENARIO_INC_002396,Meet with the guard outside the Leren Chasm.,与乐雅裂痕外的守卫会面。
PROPQUEST_SCENARIO_INC_002397,The Mystery of Leren Chasm Part 3,乐雅裂痕之谜 第三部分
PROPQUEST_SCENARIO_INC_002398,Cave Diving,洞穴探险
PROPQUEST_SCENARIO_INC_002399,"After unblocking the entrance to Leren Chasm, strange creatures have started coming out, causing havoc in the Leren Mountains.",乐雅裂痕的入口被打通后，奇怪的生物开始跑出来，在乐雅山脉制造混乱。
PROPQUEST_SCENARIO_INC_002400,Go inside the Leren Chasm and clear out the creatures that have been causing us problems.,进入乐雅裂痕，清除那些一直给我们制造麻烦的生物。
PROPQUEST_SCENARIO_INC_002401,Please speak to me when you are ready to enter the Leren Chasm. Inside you will find the Masquerpets I speak of.,当你准备好进入乐雅裂痕时，请和我说一声。在里面你会找到我说的那些怪物。
PROPQUEST_SCENARIO_INC_002402,These unknown creatures are terribly dangerous. Do not approach them if you feel unprepared.,这些未知生物非常危险。如果你觉得准备不足，不要靠近它们。
PROPQUEST_SCENARIO_INC_002403,"Hopefully we will have less disturbences in the Leren Mountains now, thanks to you.",多亏了你，希望乐雅山脉的骚乱能少一些。
PROPQUEST_SCENARIO_INC_002404,Eliminate 20 Deep Cave Gorilla and Cavern Larva.,消灭20只深渊大猩猩和穴居幼虫。
PROPQUEST_SCENARIO_INC_002405,"Enter the Leren Chasm, then kill 20 Deep Cave Gorilla and 20 Cavern Larva.",进入乐雅裂痕，然后消灭20只深渊大猩猩和20只穴居幼虫。
PROPQUEST_SCENARIO_INC_002406,Creepy Crawlers,令人毛骨悚然的爬虫
PROPQUEST_SCENARIO_INC_002407,While inside the Leren Chasm there were no sign of the trolls? Go back inside and push deeper within the caves to look for more evidence.,在乐雅裂痕中没有发现巨魔的踪迹？再进去一次，往洞穴更深处推进，寻找更多线索。
PROPQUEST_SCENARIO_INC_002408,Please speak to me when you are ready to enter the Leren Chasm once again. You will need to go past where you faced the Cavern Larva this time to find more information.,当你准备好再次进入乐雅裂痕时，请和我说一声。这一次你需要越过遇到穴居幼虫的地方，才能找到更多信息。
PROPQUEST_SCENARIO_INC_002409,The situation will only become more dangerous the deeper within the Leren Chasm you go. Stop now if you are scared.,你在乐雅裂痕中走得越深，情况只会越危险。如果害怕了，现在就停下。
PROPQUEST_SCENARIO_INC_002410,"Perhaps this Broken Vial was once an Elixir of Vitality. It seems the magic within was used long ago, however...",也许这个破碎的瓶子曾经装过一瓶灵力药剂。不过，里面的魔法似乎早已被用尽……
PROPQUEST_SCENARIO_INC_002411,"Eliminate 20 Radioactive Long Legs, and collect a Broken Vial from the Queen Long Legs.",消灭20只变异盲蛛，并从盲蛛女皇身上获得一个破碎的瓶子。
PROPQUEST_SCENARIO_INC_002412,"Enter the Leren Chasm, then kill 20 Radioactive Long Legs and obtain the Broken Vial from the Queen Long Legs.",进入乐雅裂痕，然后消灭20只变异盲蛛，并从盲蛛女皇身上取得破碎的瓶子。
PROPQUEST_SCENARIO_INC_002413,Grabbed by the Ghouls,落入食尸鬼之手
PROPQUEST_SCENARIO_INC_002414,"The Queen Long Legs held evidence that the Elixir of Vitality was once real. But still, there have been no sightings of trolls within your journeys through the Leren Chasm.",盲蛛女皇身上掌握着灵力药剂曾经真实存在的证据。但你穿越乐雅裂痕的途中，依然没有见到巨魔的踪影。
PROPQUEST_SCENARIO_INC_002415,"There must be more to the Leren Chasm that has yet to be uncovered. If you are feeling brave, descend deeper within the caves, and see what may be waiting for us.",乐雅裂痕一定还有未被发掘的东西。如果你够勇敢，就往洞穴更深处下潜，看看有什么在等着我们。
PROPQUEST_SCENARIO_INC_002416,Please speak to me when you are ready to enter the Leren Chasm once again. You will need to go past where you faced the Queen Long Legs this time to find new information.,当你准备好再次进入乐雅裂痕时，请和我说一声。这一次你需要越过遇到盲蛛女皇的地方，才能找到新的信息。
PROPQUEST_SCENARIO_INC_002417,The Queen Long Legs was a powerful foe. I am sure the remaining Masuqerpets within the Leren Chasm will only get stronger. Rest here for now if you are not ready.,盲蛛女皇是个强大的对手。乐雅裂痕中剩下的怪物只会更强。如果你还没准备好，就先在这里休息吧。
PROPQUEST_SCENARIO_INC_002418,"The souls of the Nightmist creatures have an interesting property... when looking through the glassy orb that contains the soul itself, it faintly looks like the face of a troll.",雾女生物的灵魂有一种有趣的特性……透过封存灵魂的玻璃球看去，隐约能看出一张巨魔的脸。
PROPQUEST_SCENARIO_INC_002419,"Eliminate 20 Cavern Nightmist and the Nightmist Empress, and collect 10 Soul of the Nightmist.",消灭20只穴居雾女和雾女女皇，并收集10个雾女之魂。
PROPQUEST_SCENARIO_INC_002420,"Enter the Leren Chasm, then kill 20 Cavern Nightmist and the Nightmist Empress. Collect 10 Souls of the Nightmist.",进入乐雅裂痕，然后消灭20只穴居雾女和雾女女皇。收集10个雾女之魂。
PROPQUEST_SCENARIO_INC_002421,Trolling Flaris,巨魔横行帕里
PROPQUEST_SCENARIO_INC_002422,I have contacted the experts of Flaris history and magic to review the findings surrounding the interesting properties of the souls of the Nightmist.,我已联系帕里历史与魔法方面的专家，审视关于雾女灵魂那些有趣特性的发现。
PROPQUEST_SCENARIO_INC_002423,Shockingly... they have come to the conclusion that these Nightmist creatures were likely once trolls themselves. The Elixir of Vitality may have given them unending life in a new form.,令人震惊的是……他们得出的结论是：这些雾女生物很可能曾经就是巨魔。灵力药剂或许以新的形态赋予了它们无尽的生命。
PROPQUEST_SCENARIO_INC_002424,That explains why no evidence of trolls were found within the Leren Chasm today. The trolls of the past evolved into something new... the Nightmist.,这就解释了为什么如今在乐雅裂痕中找不到巨魔的痕迹。过去的巨魔进化成了新的存在……雾女。
PROPQUEST_SCENARIO_INC_002425,"I am curious, however, if there is something we missed along the way. Go inside the Leren Chasm once more and make sure there's nothing we left behind.",不过我很好奇，我们是否遗漏了什么。再进入乐雅裂痕一次，确认没有留下任何东西。
PROPQUEST_SCENARIO_INC_002426,"Please speak to me when you are ready to enter the Leren Chasm once again. This trip will be your last. Make sure to leave no stone unturned, so we can close the case on the mystery of the Leren Chasm.",当你准备好再次进入乐雅裂痕时，请和我说一声。这将是你最后一次前往。务必彻查每一个角落，好让我们了结乐雅裂痕之谜。
PROPQUEST_SCENARIO_INC_002427,You have made great progress figuring out the mysteries within the Leren Chasm. Maybe there is nothing left to explore anymore.,你在解开乐雅裂痕之谜上取得了很大进展。也许已经没有什么可探索的了。
PROPQUEST_SCENARIO_INC_002428,"Welcome back, adventurer! I have heard from everyone the great work you have done investigating the strange sounds within the Leren Chasm.",欢迎回来，冒险者！我从大家那里听说了你调查乐雅裂痕中奇怪声响所做的出色工作。
PROPQUEST_SCENARIO_INC_002429,"It seems to me the Caveman Chief you encountered was the last of its kind in Flaris. Perhaps it simply held on to life as a way to protect its kin, even those that transformed into the horrid Nightmist.",在我看来，你遇到的穴居酋长是帕里最后一只同类。也许它只是顽强地活着，以此守护自己的族类，甚至包括那些变成了可怕雾女的同伴。
PROPQUEST_SCENARIO_INC_002430,"For now, I think the mystery of the Leren Chasm has been solved. Well done!",就目前而言，我认为乐雅裂痕之谜已经解开了。干得漂亮！
PROPQUEST_SCENARIO_INC_002431,Eliminate the Caveman Chief and share the news with the Mayor of Flarine.,消灭穴居酋长，并将这个消息告诉帕里镇长。
PROPQUEST_SCENARIO_INC_002432,"Enter the Leren Chasm, then kill the Caveman Chief.",进入乐雅裂痕，然后消灭穴居酋长。
PROPQUEST_SCENARIO_INC_002433,The Mystery of Leren Chasm Part 1,乐雅裂痕之谜 第一部分
PROPQUEST_SCENARIO_INC_002434,Remnant of Ishirut Part 1,伊希鲁特的残魂 第一部分
PROPQUEST_SCENARIO_INC_002435,Trouble in the Sky,天空中的麻烦
PROPQUEST_SCENARIO_INC_002436,"The weather lately has been terrible! Recently lightning has been striking airships on route to Saint City, causing delays in our shipments.",最近的天气糟透了！近来闪电频频击中飞往晨光的飞船，导致我们的货运延误。
PROPQUEST_SCENARIO_INC_002437,I wonder what has caused all the bad weather lately? I am still on duty here for a while longer.,我想知道最近这坏天气是什么原因造成的？我还要在这里值班一阵子。
PROPQUEST_SCENARIO_INC_002438,"Parine helps manage the Station with me. She acts as a scion of the great Elementor hero, Lillip.",佩琳和我一起管理航空站。她是伟大的元素使英雄莉莉普的后裔。
PROPQUEST_SCENARIO_INC_002439,Parine may know why the skies have been so angry lately. Go speak with her please!,佩琳也许知道最近天空为何如此震怒。请去和她谈谈！
PROPQUEST_SCENARIO_INC_002440,The lightning is out of control... perhaps you can help us another time.,闪电已经失控了……也许你可以改天再帮我们。
PROPQUEST_SCENARIO_INC_002441,"It is true, the airship deliveries have stopped due to lightning... We must get to the bottom of this, for Saint City.",没错，飞船运输因闪电中断了……为了晨光，我们必须查个水落石出。
PROPQUEST_SCENARIO_INC_002442,Find Parine and let her know of the airship situation.,找到佩琳，告诉她飞船的情况。
PROPQUEST_SCENARIO_INC_002443,Meet with Parine.,与佩琳会面。
PROPQUEST_SCENARIO_INC_002444,Grab a Bull by the Horns,迎难而上
PROPQUEST_SCENARIO_INC_002445,We need some sort of lightning rod to attract the storm's fury away from the airships heading into Saint City...,我们需要某种避雷装置，把风暴的怒火从飞往晨光的飞船引开……
PROPQUEST_SCENARIO_INC_002446,"I am unsure of who could build such a device, but you will certainly need a large amount of metal to do it.",我不确定谁能造出这样的装置，但你肯定需要大量的金属才行。
PROPQUEST_SCENARIO_INC_002447,The largest piece of unrefined metal in Saint Morning hangs off the head of the Lord Dumb Bull... Defeat the Lord and collect the Metallurgical Bull Ring!,晨光最大的一块未精炼金属就挂在荒原牛之王的头上……击败它并夺得荒原牛的金刚鼻环！
PROPQUEST_SCENARIO_INC_002448,I suppose we could collect scrap metal...,我想我们也可以收集废金属……
PROPQUEST_SCENARIO_INC_002449,You have found the ring!,你找到鼻环了！
PROPQUEST_SCENARIO_INC_002450,Hunt down the Lord Dumb Bull and take its ring.,猎杀荒原牛之王并夺下它的鼻环。
PROPQUEST_SCENARIO_INC_002451,Collect a Metallurgical Bull Ring from the Lord Dumb Bull.,从荒原牛之王身上获得荒原牛的金刚鼻环。
PROPQUEST_SCENARIO_INC_002452,Ring of Power,力量之环
PROPQUEST_SCENARIO_INC_002453,I only know of the ring's metallurgical properties. ,我只知道这只鼻环的冶金特性。
PROPQUEST_SCENARIO_INC_002454,The Strange Collector may know more about what the bull ring can do.,古怪的收藏家也许更清楚这只牛鼻环的用途。
PROPQUEST_SCENARIO_INC_002455,Keakoon are not that scary...,奇昆没那么可怕……
PROPQUEST_SCENARIO_INC_002456,"*Snort* Well look at that, a Metallurgical Bull Ring! I will need to thank Parine later for sending you to me with this precious trophy.",*哼* 哎呀，瞧瞧，荒原牛的金刚鼻环！我得改天谢谢佩琳，让她派你把这么珍贵的战利品送到我这儿来。
PROPQUEST_SCENARIO_INC_002457,Go speak with the Strange Collector when you have a moment.,有空的时候去和古怪的收藏家谈谈。
PROPQUEST_SCENARIO_INC_002458,Meet with the Strange Collector.,与古怪的收藏家会面。
PROPQUEST_SCENARIO_INC_002459,Expert Metallurgist Colack,冶金专家华乐
PROPQUEST_SCENARIO_INC_002460,"Hmmm, well I guess I will not get to keep the ring after all if it is needed to create a lightning rod.",嗯，好吧，如果要用它来做避雷装置，看来我终究是留不下这只鼻环了。
PROPQUEST_SCENARIO_INC_002461,I have heard that ore from meteorites has an interesting reaction with the ring.,我听说陨石中的矿石与这只鼻环会产生有趣的反应。
PROPQUEST_SCENARIO_INC_002462,Colack from Saint City could certaintly craft such a device if you can find the rare ore!,如果你能找到那种稀有矿石，晨光的华乐一定能造出这样的装置！
PROPQUEST_SCENARIO_INC_002463,*Snarl* We will just have to weather the storm then...,*咆哮* 那我们只能硬扛这场风暴了……
PROPQUEST_SCENARIO_INC_002464,The Strange Collector was smart to send you to me. With the right materials we can create a lightning rod to protect the Saint City Station.,古怪的收藏家派你来找我很明智。只要材料齐备，我们就能造出一根避雷装置来保护晨光航空站。
PROPQUEST_SCENARIO_INC_002465,Find Colack in Saint City and see if he can assist in crafting a lightning rod.,在晨光找到华乐，看看他能否协助制造避雷装置。
PROPQUEST_SCENARIO_INC_002466,Speak with Colack in Saint City.,与晨光的华乐交谈。
PROPQUEST_SCENARIO_INC_002467,Picking Up the Pieces,收集零件
PROPQUEST_SCENARIO_INC_002468,There has been an influx of Meteoritill lately ever since a meteorite fell in the Fantasy Desert.,自从一颗陨石坠落在梦幻沙漠后，近来出现了大量的陨石。
PROPQUEST_SCENARIO_INC_002469,"If I combine the Metallurgic Bull Ring, some Meteoritill, and Cardpuppet gears, I believe I can create a lightning rod strong enough to draw lightning away from the airships heading to Saint City!",如果我把荒原牛的金刚鼻环、一些陨石和扑克人偶的齿轮结合起来，我相信能造出一根足够强大的避雷装置，把闪电从飞往晨光的飞船引开！
PROPQUEST_SCENARIO_INC_002470,"Search for Meteoritill at the meteor crash site in the Fantasy Desert, and defeat Cardpuppets to retrieve their gears.",在梦幻沙漠的陨石坠落地点寻找陨石，并击败扑克人偶取得它们的齿轮。
PROPQUEST_SCENARIO_INC_002471,"Meteoritill is safe to handle, I assure you...",我向你保证，陨石可以安全处置……
PROPQUEST_SCENARIO_INC_002472,"Wonderful! Now that we have all the materials, it is time to finally craft the lightning rod.",太好了！材料齐了，终于可以开始制造避雷装置了。
PROPQUEST_SCENARIO_INC_002473,Collect Meteoritill in the Fantasy Desert and gears from Cardpuppets.,在梦幻沙漠收集陨石，并从扑克人偶身上取得齿轮。
PROPQUEST_SCENARIO_INC_002474,Collect 5 Meteoritill and 10 Cardpuppet Gears.,收集5个陨石和10个扑克人偶的齿轮。
PROPQUEST_SCENARIO_INC_002475,Supercharged,充能
PROPQUEST_SCENARIO_INC_002476,"Aha, we've done it! The lightning rod is complete!",啊哈，我们成功了！避雷装置做好了！
PROPQUEST_SCENARIO_INC_002477,"Supercharge the lightning rod by visiting the Altar of Violet, then deliver the lightning rod to Tina and hope that it protects the Station.",前往紫色的祭团为避雷装置充能，然后把避雷装置交给蒂娜，希望它能保护航空站。
PROPQUEST_SCENARIO_INC_002478,Without power the lightning rod we've built has no use...,没有能量，我们造的避雷装置就毫无用处……
PROPQUEST_SCENARIO_INC_002479,Thank you for delivering the lightning rod! I believe with this installed our airships will be safe.,谢谢你送来避雷装置！我相信装上它之后，我们的飞船就安全了。
PROPQUEST_SCENARIO_INC_002480,You cannot deliver the lightning rod until has been supercharged...,避雷装置在未充能之前无法交付……
PROPQUEST_SCENARIO_INC_002481,"Locate the Altar of Violet, supercharge the lightning rod, then report to Tina.",找到紫色的祭团，为避雷装置充能，然后向蒂娜报告。
PROPQUEST_SCENARIO_INC_002482,Spark in the Dark,黑暗中的火花
PROPQUEST_SCENARIO_INC_002483,"Something still bothers me... why are these storms happening at all? Maybe the Chairman of the History Society, Gothante, might know.",还有件事让我在意……这些风暴究竟为什么会发生？也许历史协会的负责人扎森特会知道。
PROPQUEST_SCENARIO_INC_002484,"Seek out a forum with Gothante, and figure out what is going on with the weather.",找机会与扎森特会面，弄清楚天气到底是怎么回事。
PROPQUEST_SCENARIO_INC_002485,"Well... at least the airships are safe for now. I wonder why all the bad weather, though?",好吧……至少飞船暂时安全了。不过，这坏天气到底是怎么回事呢？
PROPQUEST_SCENARIO_INC_002486,The storms lately have raged on for far too long! I have a feeling I know what has caused these storms.,最近的风暴肆虐太久了！我有种预感，知道是什么引发了这些风暴。
PROPQUEST_SCENARIO_INC_002487,Find Gothante and see if he knows what is happening with the weather.,找到扎森特，看看他是否知道天气的异状。
PROPQUEST_SCENARIO_INC_002488,Meet with Gothante.,与扎森特会面。
PROPQUEST_SCENARIO_INC_002489,Ishirut's Return?,伊希鲁特归来？
PROPQUEST_SCENARIO_INC_002490,Over many years our society has collected rare texts that reveal the history of the world of Madrigal. Eons ago a god of lightning helped create this world. That god was named Ishirut. ,多年来，我们协会收集了揭示瑞加大陆世界历史的珍贵文献。远古时代，一位雷神参与了世界的创造。那位神名叫伊希鲁特。
PROPQUEST_SCENARIO_INC_002491,"Perhaps ripples of Ishirut's spirit have returned to give us a sign, but I have no connection to the gods. Perhaps this is work for a mystic of sorts.",也许是伊希鲁特灵魂的涟漪归来，向我们示警，但我与神明并无联系。这或许该交给某位通灵者来做。
PROPQUEST_SCENARIO_INC_002492,"I believe that YaoRin of the MewMew people has the power to reveal the truth, but the MewMew clan are distrusting of most humans. Anyway, I recommend you go speak with YaoRin and see if they are willing to cooperate. They are our best chance at learning what the gods are up to.",我相信喵喵族的姚琳有揭示真相的能力，但喵喵族对大多数人类都抱有戒心。总之，我建议你去找姚琳谈谈，看看他们是否愿意合作。他们是我们弄清神明意图的最大希望。
PROPQUEST_SCENARIO_INC_002493,"While a bit standoffish, the MewMew clan is not that scary...",喵喵族虽然有些冷淡，但并不可怕……
PROPQUEST_SCENARIO_INC_002494,"*Hmmph* So you were sent by that man Gothante. Even so, I do not trust you one bit.",*哼* 原来是那个叫扎森特的人派你来的。即便如此，我一点也不信任你。
PROPQUEST_SCENARIO_INC_002495,Find YaoRin in the MewMew camp just outside the walls of western Saint City.,在晨光西城墙外的喵喵族营地找到姚琳。
PROPQUEST_SCENARIO_INC_002496,Speak to YaoRin.,与姚琳交谈。
PROPQUEST_SCENARIO_INC_002497,Remnant of Ishirut Part 2,伊希鲁特的残魂 第二部分
PROPQUEST_SCENARIO_INC_002498,YaoRin's Trust,姚琳的信任
PROPQUEST_SCENARIO_INC_002499,"I see... you wish to see my powers of the mind. Well, the MewMew people are not very trusting of outsiders.",我明白了……你想见识我的心智之力。不过，喵喵族对外人并不轻易信任。
PROPQUEST_SCENARIO_INC_002500,"If you really want to have a fortune read you will need permission from the leader of the MewMew clan, Locku. Before I will allow you to speak to Locku, you must prove yourself to me.",如果你真想占卜，就需要喵喵族族长洛克的许可。在我允许你去见洛克之前，你必须先向我证明自己。
PROPQUEST_SCENARIO_INC_002501,"Prove your worth by bringing me the Hearts of Red Otem who reside in the Iblis Dungeon. If you can do that, then I will let you speak with our leader.",从依普利神殿中的红色陶陶身上取来它们的心脏，以此证明你的价值。如果你能做到，我就让你去见我们的族长。
PROPQUEST_SCENARIO_INC_002502,If you cannot do a simple task then you are not worthy of to speak to the MewMew clan leader...,如果连这么简单的任务都做不到，那你就不配与喵喵族的族长对话……
PROPQUEST_SCENARIO_INC_002503,"We distrust you humans, but I see you have helped YaoRin in eliminating our mortal enemies, the Otems.",我们不信任你们人类，但我看得出你帮助姚琳消灭了我们的死敌陶陶。
PROPQUEST_SCENARIO_INC_002504,Go find Hearts of the Red Otem in the Iblis Dungeon.,去依普利神殿寻找红色陶陶的心脏。
PROPQUEST_SCENARIO_INC_002505,Collect 3 Heart of Red Otem.,收集3个昏聩者之心。
PROPQUEST_SCENARIO_INC_002506,"Locku, Leader of the MewMew",喵喵族族长洛克
PROPQUEST_SCENARIO_INC_002507,"I will share with you an explanation of our disdain for the Otems... We believe that eons ago, Otems stole the remaining power from an ancient god named Shelid that was a bastion of protection for this land long ago. ",我来告诉你我们为何憎恶陶陶……我们相信在远古时代，陶陶从一位名叫谢莉德的神明那里窃取了残余的力量，而那位神明曾是这片土地长久以来的守护壁垒。
PROPQUEST_SCENARIO_INC_002508,"While you may have proven yourself enough to YaoRin to speak to me, you must further show that you are worthy to receive the MewMew clan's assistance.",虽然你已向姚琳证明了自己，足以与我对话，但你还必须进一步证明自己配得上喵喵族的协助。
PROPQUEST_SCENARIO_INC_002509,"Thin the herd of Totemia that taint the Southern Hillid Mountains and destroy their leader. If you can take down the leader of the Totemia, then you have earned our trust enough for YaoRin's help... once.",削减盘踞在龙脊山脉南部、污染此地的陶陶族群，并消灭它们的首领。如果你能击倒陶陶的首领，就足以赢得我们的信任，换来姚琳的帮助……仅此一次。
PROPQUEST_SCENARIO_INC_002510,"If you refuse this task, the MewMew will not assist you in your mission.",如果你拒绝这项任务，喵喵族就不会协助你的使命。
PROPQUEST_SCENARIO_INC_002511,You have earned the MewMew clan's trust... for now.,你赢得了喵喵族的信任……暂时如此。
PROPQUEST_SCENARIO_INC_002512,Go defeat Totemia and eliminate their leader.,去击败陶陶并消灭它们的首领。
PROPQUEST_SCENARIO_INC_002513,Kill 20 Totemia and 1 Lord Totemia.,消灭20只陶陶和1只陶陶之王。
PROPQUEST_SCENARIO_INC_002514,The Third Eye Opens,第三只眼睁开
PROPQUEST_SCENARIO_INC_002515,"I will grant you one reading, but I require special materials to perform the ritual.",我会为你占卜一次，但进行仪式需要特殊的材料。
PROPQUEST_SCENARIO_INC_002516,Please bring me a Black Curse Book and 5 Black Heroca from the Garden of Rhisis.,请从莱斯庭院给我带来一本黑色诅咒书和5株黑色毒草。
PROPQUEST_SCENARIO_INC_002517,"Do not fear the future, for it is inevitable.",不要惧怕未来，因为它无可避免。
PROPQUEST_SCENARIO_INC_002518,With these items I can perform the ritual to read from the fabric of time. We will finally know the true meaning of these storms!,有了这些东西，我就能举行仪式，从时间之纬中读取信息。我们终于能知道这些风暴真正的含义了！
PROPQUEST_SCENARIO_INC_002519,Search the Garden of Rhisis for a Black Curse Book and the Black Heroca plant.,在莱斯庭院搜寻黑色诅咒书和黑色毒草。
PROPQUEST_SCENARIO_INC_002520,Collect 5 Black Heroca and 1 Black Curse Book.,收集5株黑色毒草和1本黑色诅咒书。
PROPQUEST_SCENARIO_INC_002521,Seeing the Light,重见光明
PROPQUEST_SCENARIO_INC_002522,"The murky darkness clouding our vision of the future clears up with the use of these special herbs, when combined with a powerful cursed item. It takes a toll on me every time...",这些特殊的药草与强大的诅咒之物结合，能驱散遮蔽未来视野的浑浊黑暗。但每一次都让我元气大伤……
PROPQUEST_SCENARIO_INC_002523,"The darkness is lifting! And the truth is just as I feared... remnants of the lightning god, Ishirut, have stirred, creating a powerful beast that hides in the stormy mountains of the Garden of Rhisis...",黑暗正在消散！而真相正如我所担心的那样……雷神伊希鲁特的残魂已经苏醒，化作一头强大的野兽，藏身于莱斯庭院的风暴山脉之中……
PROPQUEST_SCENARIO_INC_002524,"I am too weak from the ritual to do anything about the remnant of Ishirut, but here is a map that will lead you to where the creature is hiding.",仪式之后我太过虚弱，无法对付伊希鲁特的残魂，但这里有一张地图，能指引你找到那头生物的藏身之处。
PROPQUEST_SCENARIO_INC_002525,Ishirut was known to be one of the most powerful beings in existence... fear of them is nothing to be ashamed of.,伊希鲁特被认为是世间最强大的存在之一……畏惧它并不是什么可耻的事。
PROPQUEST_SCENARIO_INC_002526,"Ah, the MewMew clan sent word of your arrival. I have been stationed outside this ruined temple to prevent travelers from facing death before their time has come. Inside are beasts of great power.",啊，喵喵族传来消息说你要来了。我一直驻守在这座废弃神殿外，防止旅人在命数未尽时便丢了性命。里面藏着强大的野兽。
PROPQUEST_SCENARIO_INC_002527,Only enter if you feel truly prepared for a difficult challenge. I have heard rumors that the beast in the deepest part of the ruins holds a remnant of an ancient god's power.,只有在你确信自己已做好迎接艰难挑战的准备时才进去。我听说废墟最深处的那头野兽，掌握着一位古神力量的残片。
PROPQUEST_SCENARIO_INC_002528,Follow the map to find the creature's lair.,按照地图找到那头生物的巢穴。
PROPQUEST_SCENARIO_INC_002529,Find the lair of Ishirut's remnant.,找到伊希鲁特残魂的巢穴。
PROPQUEST_SCENARIO_INC_002530,Remnant of Ishirut Part 3,伊希鲁特的残魂 第三部分
PROPQUEST_SCENARIO_INC_002531,Jeepers Creepers,爬行者惊魂
PROPQUEST_SCENARIO_INC_002532,"A small group recently went inside the catacombs, but have not returned in several hours. I fear they have fallen to whatever creatures may be inside. ",一小队人最近进入了地下墓穴，但已经好几个小时没有回来。我担心他们已经葬身于里面的某种生物之手。
PROPQUEST_SCENARIO_INC_002533,"A thick webbing has appeared around the entrance, and I hear loud footsteps not far within the depths of the ruins.",入口处出现了厚厚的蛛网，我还能听到废墟深处不远处传来响亮的脚步声。
PROPQUEST_SCENARIO_INC_002534,Go inside and find out what happened to the group before you.,进去看看在你之前那支队伍遭遇了什么。
PROPQUEST_SCENARIO_INC_002535,Scared of a few spiders? Those poor adventurers...,怕几只蜘蛛？那些可怜的冒险者啊……
PROPQUEST_SCENARIO_INC_002536,"I see... so you found only the remains of their armor. It is a shame what has happened, but you seem to be strong enough to continue pushing deeper into the ruins.",我明白了……你只找到了他们装备的残骸。发生这样的事实在令人遗憾，但看起来你足够强大，可以继续深入废墟。
PROPQUEST_SCENARIO_INC_002537,Investigate the disappearance of the lost adventurers.,调查失踪冒险者的下落。
PROPQUEST_SCENARIO_INC_002538,Collect 10 Clothing Scraps and 1 Broken Shield.,收集10件遗留的衣物和1面遗留的盾牌。
PROPQUEST_SCENARIO_INC_002539,Over Encumbered,不堪重负
PROPQUEST_SCENARIO_INC_002540,"One thing still troubles me though... The thick webbing around the entrance can be explained by the spiders, but what creature could have such loud, stomping footsteps?",不过还有一件事让我在意……入口处厚厚的蛛网可以用蜘蛛来解释，但什么生物会发出如此响亮、沉重的脚步声呢？
PROPQUEST_SCENARIO_INC_002541,Go deeper into the ruins and find out what is making that loud thumping noise.,深入废墟，找出那响亮的重击声是什么发出的。
PROPQUEST_SCENARIO_INC_002542,I won't blame you for avoing whatever beast awaits the next group of adventurers. It sounds big...,我不会怪你躲开那头等着下一批冒险者的野兽。听起来它体型不小……
PROPQUEST_SCENARIO_INC_002543,"Sadly it seems the adventurers all fell to the power of the the massive gorilla inside the ruins... I believe the group would have wanted you to finish what they set out to do. Here, take their belongings. Perhaps it will help.",遗憾的是，那些冒险者似乎都葬身于废墟中那头巨大猩猩的力量之下……我想那支队伍会希望你完成他们未竟的事。来，收下他们的遗物吧。也许会有帮助。
PROPQUEST_SCENARIO_INC_002544,Investigate the loud sound of footsteps within the catacombs.,调查地下墓穴中响亮的脚步声。
PROPQUEST_SCENARIO_INC_002545,Collect 10 Dungeoneer's Pack and 1 Broken Sword.,收集10个遗留的背包和1把遗留的破剑。
PROPQUEST_SCENARIO_INC_002546,Petrified Wood,石化之木
PROPQUEST_SCENARIO_INC_002547,"From the information we have available, the remnant of Ishirut hides in the very heart of the catacombs.",根据我们掌握的信息，伊希鲁特的残魂就藏在地下墓穴的最深处。
PROPQUEST_SCENARIO_INC_002548,"You have already made it further than the last group, keep pushing and find out what lies in store.",你已经比上一批人走得更远了，继续推进，看看前方还有什么在等着你。
PROPQUEST_SCENARIO_INC_002549,You've made it so far... why give up now?,你已经走了这么远……为何现在放弃？
PROPQUEST_SCENARIO_INC_002550,Fascinating! The bark from the large tree creature seems to have the symbol of Shelid etched on the surface... Does this mean that the catacombs were originally an altar to Shelid themself?,太神奇了！那棵巨树生物的树皮上，似乎刻着谢莉德的象征……这是否意味着地下墓穴原本是供奉谢莉德的祭坛？
PROPQUEST_SCENARIO_INC_002551,"Investigate the the catacombs further, there is still more to see.",继续深入调查地下墓穴，还有更多东西等着你。
PROPQUEST_SCENARIO_INC_002552,Collect 10 Tainted Root and 1 Cracked Bark of Shelid.,收集10个受污染的根和1块残破的树皮。
PROPQUEST_SCENARIO_INC_002553,A Shocking Conclusion,令人震惊的结局
PROPQUEST_SCENARIO_INC_002554,So many mysteries still to unfold... but I believe you are now close to the heart of the catacombs.,还有这么多谜团有待揭开……但我相信你现在已经接近地下墓穴的核心了。
PROPQUEST_SCENARIO_INC_002555,"Enter once more and clear out the remnant of Ishirut if you are capable of doing so. Prepare yourself before entering again, for I fear the beast within the depths of the ruins is far stronger than you could imagine.",再进去一次，如果你有能力的话，就清除伊希鲁特的残魂。再次进入前请做好准备，因为我担心废墟深处的那头野兽远比你想象的强大。
PROPQUEST_SCENARIO_INC_002556,After all this effort... now is when you back away from danger?,付出了这么多努力……你却在此时临危退缩？
PROPQUEST_SCENARIO_INC_002557,"What you have uncovered has tremendous impact on our knowledge of the past! Congratulations on making it through the deadly Rhisis Catacombs, and uncovering the secrets of the past.",你的发现对我们了解过去意义重大！祝贺你穿过凶险的莱斯神之墓，揭开了往昔的秘密。
PROPQUEST_SCENARIO_INC_002558,"Based on the evidence you have gathered, we believe that the Rhisis Catacombs were once a holy ground for the god of earth, Shelid.",根据你收集的证据，我们相信莱斯神之墓曾是大神谢莉德的圣地。
PROPQUEST_SCENARIO_INC_002559,"Along the way, a feud between Shelid and Ishirut must have occurred, leaving behind remnants of both gods that empowered the masquerpets that would eventually call the catacombs their home.",其间必定发生过谢莉德与伊希鲁特之间的争斗，两位神祇留下的残魂赋予了那些怪物力量，它们最终把这座墓穴当作了自己的家园。
PROPQUEST_SCENARIO_INC_002560,"With the Temple Guardian eliminated, we can rest easy knowing that Saint City is safe again, thanks to you!",神庙守护者已被消灭，多亏了你，我们终于可以安心了——晨光再度恢复了安全！
PROPQUEST_SCENARIO_INC_002561,Eliminate the remnant of Ishirut and anything in your way to get there.,消灭伊希鲁特的残魂，以及路上阻挡你的一切。
PROPQUEST_SCENARIO_INC_002562,"Kill 20 Old Ruts, 10 Bolt Otem, and the Temple Guardian.",消灭20只老树根、10只闪电图腾和神庙守护者。
PROPQUEST_SCENARIO_INC_002563,Envy Depths Part 1,渴望深渊 第一部分
PROPQUEST_SCENARIO_INC_002564,Pandora's Box,潘多拉魔盒
PROPQUEST_SCENARIO_INC_002565,"*Psst* Hey, you! Can you come help an old box like me?",*嘶* 嘿，你！能过来帮帮我这个老箱子吗？
PROPQUEST_SCENARIO_INC_002566,"I haven't seen an adventurer here in years, you must be tough. I was turned into this box a long time ago by an annoying clown... Could you help return me to my original form? I can help you become so much stronger if you do...",我已经好几年没在这里见到冒险者了，你一定很厉害。很久以前，一个讨厌的小丑把我变成了这个箱子……你能帮我恢复原形吗？如果你愿意，我可以让你的力量强大许多……
PROPQUEST_SCENARIO_INC_002567,*Cackle* Wonderful hahahaha! You can start by releasing the magic chains that bind me to this location. Collect a Corrupted Symbol of Shade from a Violet monster in Darkon 1.,*怪笑* 太好了哈哈哈！你可以先解开把我束缚在此地的魔法锁链。到达肯1从堕落的怪物身上收集一枚腐化的谢莉德的象征。
PROPQUEST_SCENARIO_INC_002568,FOOL! You ignore the gifts of someone like me!? You will regret this...,蠢货！你竟敢无视我这样的存在赐予的恩惠！？你会后悔的……
PROPQUEST_SCENARIO_INC_002569,"Ahhh... I feel the first binding being released. One down, three to go.",啊……我感觉到第一道束缚解开了。搞定一道，还剩三道。
PROPQUEST_SCENARIO_INC_002570,Your incompetence is pathetic... GO! Defeat a Violet masquerpet to release the first binding.,你的无能令人悲哀……去！击败一只堕落的怪物来解开第一道束缚。
PROPQUEST_SCENARIO_INC_002571,Collect a Corrupted Symbol of Shade from a Violet masquerpet in Darkon 1.,从达肯1的堕落(紫圈)怪物身上收集一个腐化的谢莉德的象征。
PROPQUEST_SCENARIO_INC_002572,Throwing Shade,抛下暗影
PROPQUEST_SCENARIO_INC_002573,Well you've proven yourself to have some strength at least. There are still three more bindings to shatter though.,好吧，至少你证明了自己有些实力。不过还有三道束缚要打破。
PROPQUEST_SCENARIO_INC_002574,"You won't find anymore Symbols of Shade with that same level of power. I don't care where you get them from, but bring me 5 normal Symbols of Shade to break the next binding. Symbols of Shade drop from Violet masquerpets.",你再也找不到同样强大的谢莉德的象征了。我不管你从哪里弄来，给我带5枚普通的谢莉德的象征，好打破下一道束缚。谢莉德的象征会从堕落的怪物身上掉落。
PROPQUEST_SCENARIO_INC_002575,WHAT!? You don't trust me or something?,什么！？你不信任我吗？
PROPQUEST_SCENARIO_INC_002576,"Wahahahaha! You really are something, aren't you! I'm surprised you were powerful enough to take down so many Violet masquerpets. And with that, the second binding has been released!",哇哈哈哈哈！你真了不起，不是吗！我没想到你竟有实力击败这么多堕落的怪物。就这样，第二道束缚解开了！
PROPQUEST_SCENARIO_INC_002577,Can't you figure this out on your own? Go kill Violet masquerpets for their Symbols of Shade!,你自己想不明白吗？去猎杀堕落的怪物，夺取它们的谢莉德的象征！
PROPQUEST_SCENARIO_INC_002578,Collect 5 Symbol of Shade from Violet masquerpets.,从堕落的怪物身上收集5枚谢莉德的象征。
PROPQUEST_SCENARIO_INC_002579,Font of Power,力量之泉
PROPQUEST_SCENARIO_INC_002580,I can feel my power slowly returning... HAHAHAHAHA! Yes... yes... time for another binding to be released!,我能感觉到力量在慢慢回归……哈哈哈哈哈！没错……没错……是时候解开下一道束缚了！
PROPQUEST_SCENARIO_INC_002581,Take the cup from inside my chest and fill it with the powers from the nearby Altar of Violet.,从我胸口取出那只杯子，用附近紫色的祭团的力量将它盛满。
PROPQUEST_SCENARIO_INC_002582,You could have had all the power... and now you will have nothing!,你本可以拥有全部的力量……而现在你将一无所有！
PROPQUEST_SCENARIO_INC_002583,Ahhhh... Ahahahahaha... the weakness brought on from these bindings is finally being released. Just one binding left...,啊……哈哈哈哈哈……这些束缚带来的虚弱终于正在消散。只剩最后一道束缚了……
PROPQUEST_SCENARIO_INC_002584,"You're wasting time! Go to the Altar of Violet, now!!",你在浪费时间！去紫色的祭团，立刻！！
PROPQUEST_SCENARIO_INC_002585,Visit the Atlar of Violet in Darkon 1.,前往达肯1的紫色的祭团。
PROPQUEST_SCENARIO_INC_002586,An Evil Set Free,获释的邪恶
PROPQUEST_SCENARIO_INC_002587,Just one binding is left... we must break it so I can grant you new strength!,只剩最后一道束缚了……我们必须打破它，这样我才能赋予你新的力量！
PROPQUEST_SCENARIO_INC_002588,That foolish clown thought they hid his cache of power out of reach of my minions... HA! How wrong he was... Collect the cache and my bindings to this place will finally be broken! No one will be able to stop me either... unless that rat Reodos is still around.,那个愚蠢的小丑以为他已经把力量宝藏藏在我部下够不到的地方……哈！他错得离谱……取回那批宝藏，我与这块土地的束缚就终于能彻底断开了！届时没人能阻止我……除非那只老鼠里奥多斯还活着。
PROPQUEST_SCENARIO_INC_002589,ARGH!! You must set me free!,啊！！你必须放我自由！
PROPQUEST_SCENARIO_INC_002590,Oh no... that Ancimys was one shackled by Bubble himself! It was once an ancient wizard with powerful black magic... this is very bad news.,哦不……那个安瑟麦斯正是被波卜尔亲手封印的存在！它曾是一位掌握强大黑魔法的古代巫师……这可是个非常糟糕的消息。
PROPQUEST_SCENARIO_INC_002591,You are just as foolish as the clown... find his cache of power!,你和小丑一样愚蠢……去找他的力量宝藏！
PROPQUEST_SCENARIO_INC_002592,Find the Cache of Bubble.,找到波卜尔的宝藏。
PROPQUEST_SCENARIO_INC_002593,Envy Depths Part 2,渴望深渊 第二部分
PROPQUEST_SCENARIO_INC_002594,The Black Magician Returns,黑魔法师归来
PROPQUEST_SCENARIO_INC_002595,Throughout history the Black Magician has changed from person to person... the two best known are Great Magician Loala and the one you've just released... Lapranche.,纵观历史，黑魔法师代代更替……最著名的两位是大魔导士拉宇，以及你刚刚释放的那位……拉普朗什。
PROPQUEST_SCENARIO_INC_002596,"While Loala has stood down from her post as the Black Magician, Lapranche's mind was enslaved by Shade, and granted an incredible dark power...",拉宇已卸下黑魔法师的职位，而拉普朗什的心智被谢莉德奴役，并被赋予了令人难以置信的黑暗力量……
PROPQUEST_SCENARIO_INC_002597,"For a while we were safe with Lapranche sealed away by Bubble's magic, but Lapranche will surely send disasters our way to distract us while she builds her power back up.",拉普朗什被波卜尔的魔法封印期间，我们暂时安全，但她一定会降下灾难以分散我们的注意力，同时暗中恢复力量。
PROPQUEST_SCENARIO_INC_002598,You should go speak to the Mayor of Darken City as quickly as possible to see if anything has been reported...,你应该尽快去见达肯镇长，看看是否有什么报告……
PROPQUEST_SCENARIO_INC_002599,Check with the Mayor of Darken City and see if news of a disaster has been reported!,去达肯镇长那里确认，是否已上报灾难的消息！
PROPQUEST_SCENARIO_INC_002600,"Whyyyy, why won't you help us? Are you secretly working with Shade!?",为——什么，你为什么不肯帮我们？你难道暗中和谢莉德勾结！？
PROPQUEST_SCENARIO_INC_002601,So Lapranche was released from her prison after all these years... ,这么多年过去，拉普朗什终究还是被从囚禁中释放了……
PROPQUEST_SCENARIO_INC_002602,Go speak with the Mayor of Darken City!,去和达肯镇长谈谈！
PROPQUEST_SCENARIO_INC_002603,Report to the Mayor of Darken City.,向达肯镇长报告。
PROPQUEST_SCENARIO_INC_002604,There's Something in the Water,水中有异
PROPQUEST_SCENARIO_INC_002605,"It was reported a few hours ago that a wall near where the Syliaca roam recently burst open, flooding the caves. Something this destructive has not happened in many years... I am certain this was caused by Lapranche's meddling.",几小时前有报告称，食人鱼出没处附近的一面墙破裂，导致洞穴被水淹没。这么严重的破坏已经很多年没有发生过了……我确信这是拉普朗什在背后搞鬼。
PROPQUEST_SCENARIO_INC_002606,"I wish to investigate the matter, but I have to attend to my duties here in the city.",我想亲自调查此事，但我必须留在城里处理公务。
PROPQUEST_SCENARIO_INC_002607,Collect enough samples of Syliaca to see if the flood has caused any mutations in their DNA.,采集足够的食人鱼样本，看看洪水是否导致它们的DNA发生变异。
PROPQUEST_SCENARIO_INC_002608,"Without your help, who knows when I'll have time to investigate this matter...",没有你的帮助，谁知道我什么时候才有时间调查此事……
PROPQUEST_SCENARIO_INC_002609,Fascinating! After analyzing the Syliaca samples it seems the water in the flood contains a magic component that affects the Syliaca's brain.,太有意思了！分析食人鱼样本后发现，洪水中的水似乎含有某种魔法成分，会影响食人鱼的大脑。
PROPQUEST_SCENARIO_INC_002610,The hormones of these Syliaca seem to affect how aggressive they will become. And their teeth are somehow much sharper than before...,这些食人鱼的荷尔蒙似乎会影响它们的攻击性。而且它们的牙齿不知为何比以前锋利得多……
PROPQUEST_SCENARIO_INC_002611,Collect 20 Syliaca DNA.,收集20份食人鱼的DNA。
PROPQUEST_SCENARIO_INC_002612,The Hidden Cavern,隐藏的洞窟
PROPQUEST_SCENARIO_INC_002613,"If the water from the flood continues to affect the masquerpets in the Cave of Envy, soon they may become too strong for our forces to overcome. We must find the broken wall and see if a repair is possible.",如果洪水持续影响渴望洞穴中的怪物，它们很快就会强大到我军无法抗衡的地步。我们必须找到那面破损的墙，看看能否修复。
PROPQUEST_SCENARIO_INC_002614,The hole must be near the Syliaca... find it and determine if the damage is reparable.,那个洞口一定在食人鱼附近……找到它，判断损坏是否可以修复。
PROPQUEST_SCENARIO_INC_002615,"If we leave the break in the walls of the Cave of Envy for too long, this situation will become an even bigger disaster.",如果我们放任渴望洞穴的墙体破损太久，情况会演变成更大的灾难。
PROPQUEST_SCENARIO_INC_002616,"So behind the wall seems to be a large, ornate cavern... What has Lapranche opened up to the world!?",墙后面似乎是一个巨大而华丽的洞窟……拉普朗什到底向世人揭开了什么！？
PROPQUEST_SCENARIO_INC_002617,Find the damaged wall in the Cave of Envy.,找到渴望洞穴中破损的墙体。
PROPQUEST_SCENARIO_INC_002618,Search for the damaged wall in the Cave of Envy.,在渴望洞穴中搜寻破损的墙体。
PROPQUEST_SCENARIO_INC_002619,Something Fishy,鱼有蹊跷
PROPQUEST_SCENARIO_INC_002620,Thank you for finding the break in the wall... I have sent a guard to prevent unsuspecting travelers from entering the cavern.,谢谢你找到墙体的破损处……我已派了一名守卫，防止不知情的旅人进入洞窟。
PROPQUEST_SCENARIO_INC_002621,I believe our next step will be to explore the cavern and see what Lapranche has unleashed upon us...,我想下一步就是探索那座洞窟，看看拉普朗什对我们释放了什么……
PROPQUEST_SCENARIO_INC_002622,Please travel back to the cavern and speak with the guard out front for your next assignment.,请返回那座洞窟，与门前的守卫交谈，接受下一个任务。
PROPQUEST_SCENARIO_INC_002623,Oh... is there another assignment you are tied up with already?,哦……你已经另有任务在身了吗？
PROPQUEST_SCENARIO_INC_002624,"Hello there, I was expecting you.",你好，我正等着你呢。
PROPQUEST_SCENARIO_INC_002625,Seek out the guard in front of the Envy Depths.,找到渴望深渊前的守卫。
PROPQUEST_SCENARIO_INC_002626,Meet with the guard outside the Envy Depths.,与渴望深渊外的守卫会面。
PROPQUEST_SCENARIO_INC_002627,Envy Depths Part 3,渴望深渊 第三部分
PROPQUEST_SCENARIO_INC_002628,Growing Gills,长出鱼鳃
PROPQUEST_SCENARIO_INC_002629,"After being assigned to my post here in the Cave of Envy, I've witnessed dozens of Syliaca enter the waters of the cavern behind me. If what the mayor said is true... those Syliaca may have grown into something much stronger by now. An investigation is in order.",自从被派驻到渴望洞穴的这个岗位，我目睹了数十只食人鱼游进我身后洞窟的水域。如果镇长所言属实……那些食人鱼此刻可能已经长成了更强大的存在。有必要调查一番。
PROPQUEST_SCENARIO_INC_002630,Head inside the cavern behind me and find out what have happened to the Syliaca.,进入我身后的洞窟，查明那些食人鱼发生了什么。
PROPQUEST_SCENARIO_INC_002631,You seem strong enough to handle a few empowered Syliaca... but maybe not.,你看起来足以应付几只被强化的食人鱼……但也许还不行。
PROPQUEST_SCENARIO_INC_002632,Very interesting... so the Syliaca have turned into Overgrown Sharks after ingesting the cavern's magic waters. I am curious what else may be living within the cavern...,非常有趣……原来食人鱼饮下洞窟的魔法之水后变成了变异鲨鱼。我很好奇洞窟里还生活着什么……
PROPQUEST_SCENARIO_INC_002633,Find out what have become of the Syliaca that entered the cavern.,查明进入洞窟的那些食人鱼变成了什么。
PROPQUEST_SCENARIO_INC_002634,Kill 25 Overgrown Shark.,击杀25只变异鲨鱼。
PROPQUEST_SCENARIO_INC_002635,Poor Unfortunate Souls,可怜而不幸的灵魂
PROPQUEST_SCENARIO_INC_002636,"With the Overgrown Sharks out of the way, you can find out what lies deeper within the cavern.",变异鲨鱼已经清除，你可以去查明洞窟更深处有什么了。
PROPQUEST_SCENARIO_INC_002637,Go back inside the cavern and seek out what caused the Cave of Envy to flood.,再次进入洞窟，找出导致渴望洞穴被淹的原因。
PROPQUEST_SCENARIO_INC_002638,"Don't give up now, you've nearly figured out the secret to this cave.",现在别放弃，你差不多就要解开这座洞穴的秘密了。
PROPQUEST_SCENARIO_INC_002639,It's incredible that life has been hidden here this whole time! It's a shame the Mermaid Beauties were so vicious. Likely influenced by the magical waters just as the Syliaca were.,生命竟能在这里隐藏这么久，真是不可思议！遗憾的是美人鱼如此凶残。它们多半和食人鱼一样受到了魔法之水的影响。
PROPQUEST_SCENARIO_INC_002640,Go deeper into the cavern.,深入洞窟。
PROPQUEST_SCENARIO_INC_002641,Kill 25 Mermaid Beauty.,击杀25只美人鱼。
PROPQUEST_SCENARIO_INC_002642,Call of the Siren,塞壬的召唤
PROPQUEST_SCENARIO_INC_002643,I am curious if additional life lives within the cavern. Sadly whatever remains in the tainted waters has likely gone feral by now. More samples from the masquerpets within may reveal the true nature of what this place represents.,我很好奇洞窟里是否还生活着其他生物。遗憾的是，留在被污染水域中的东西此刻大概已经野性化了。从洞中的怪物身上采集更多样本，或许能揭示这个地方真正的本质。
PROPQUEST_SCENARIO_INC_002644,Go back inside the cavern and collect samples from any masquerpets that remain.,再次进入洞窟，从残存的怪物身上采集样本。
PROPQUEST_SCENARIO_INC_002645,There's no time to worry over what you may encounter... Trust in your own power.,没时间去担忧你会遇到什么……相信你自己的力量。
PROPQUEST_SCENARIO_INC_002646,"Wow, these artifacts are pulsing with power! No normal being could handle something like this without becoming corrupted. It appears as if these artifacts have been present here for hundreds or thousands of years...",哇，这些遗物正脉动出力量！任何寻常存在都无法承受这样的东西而不被腐化。看起来这些遗物已经在这里存在了数百乃至数千年……
PROPQUEST_SCENARIO_INC_002647,Collect samples from any remaining masquerpets that are in the cavern.,从洞窟中残存的怪物身上采集样本。
PROPQUEST_SCENARIO_INC_002648,Collect 20 Echo of Herness.,收集20个赫内斯的回响。
PROPQUEST_SCENARIO_INC_002649,Davy Jones' Locker,戴维·琼斯的魔柜
PROPQUEST_SCENARIO_INC_002650,No wonder Lapranche released the powers hidden within the Envy Depths... She has certainly bought time to work towards her own goals while you deal with this.,难怪拉普朗什释放了渴望深渊中隐藏的力量……在你忙于应付此事时，她无疑为自己争取到了实现目标的时间。
PROPQUEST_SCENARIO_INC_002651,I believed the masquerpets that you gathered samples from were the last remaining creatures within the cavern... but certainly you hear the roar coming from within the cavern now?,我原以为你采集样本的那些怪物是洞窟中最后的生物……但你现在肯定也听到洞窟里传来的咆哮声了吧？
PROPQUEST_SCENARIO_INC_002652,"Only the roar of a mighty creature emanates the cavern now... Slay whatever beast is within. If you survive, deliver a report of your victory to the Mayor of Darken City.",此刻洞窟中只回荡着一头强大生物的咆哮……去斩杀里面的野兽吧。如果你能活着出来，就向达肯镇长报告你的胜利。
PROPQUEST_SCENARIO_INC_002653,That roar is terrifying... steel your emotions and return to me when you are ready to find out what it is.,那咆哮令人胆寒……坚定心神，等你准备好去一探究竟时再来找我。
PROPQUEST_SCENARIO_INC_002654,So all along the sealed chamber was an altar to an ancient being... I suppose the myths of the water god Herness may be more than a myth after all.,原来那个封闭的石室一直都是某位远古存在的祭坛……看来关于水神赫内斯的传说，也许并不只是传说而已。
PROPQUEST_SCENARIO_INC_002655,"Well, with the Great Kraken defeated at least the danger that Lapranche brought to our feet has ended... for now.",好吧，深渊海妖克拉肯已被击败，至少拉普朗什带到我们脚边的危机暂时结束了……
PROPQUEST_SCENARIO_INC_002656,I congratulate you on making it out of there alive. Expect the repercussions of releasing Lapranche to be upon us one day though...,祝贺你活着从那里出来。不过，释放拉普朗什的后果总有一天会降临到我们头上……
PROPQUEST_SCENARIO_INC_002657,Head inside the Envy Depths and eliminate whatever is causing that awful noise.,进入渴望深渊，消灭发出那可怕声响的东西。
PROPQUEST_SCENARIO_INC_002658,Kill the Great Kraken.,击杀深渊海妖克拉肯。
PROPQUEST_SCENARIO_INC_002659,The Twisted Sanctuary Part 1,扭曲的圣域 第一部分
PROPQUEST_SCENARIO_INC_002660,Bear's Endurance,巨熊的耐力
PROPQUEST_SCENARIO_INC_002661,There has been a disturbance in the flow of Madrigal's magic lately... I've heard rumors that an unsuspecting adventurer released the Black Magician from their prison. ,近来瑞加大陆的魔法流动出现了紊乱……我听到传言说，一位不知情的冒险者把黑魔法师从囚禁中释放了出来。
PROPQUEST_SCENARIO_INC_002662,"The current Black Magician named Lapranche is also sometimes known as the Purple Magician. She has an incredible power that is lost to all of today's magicians, including myself. Lapranche can summon the will of Shade to cast Purple Magic, recreating parts of the world in Shade's image.",现任黑魔法师拉普朗什，有时也被称为紫色魔法师。她拥有当今所有魔法师——包括我在内——都已失传的惊人力量。拉普朗什能召唤谢莉德的意志来施展紫色魔法，按谢莉德的样子重塑世界的局部。
PROPQUEST_SCENARIO_INC_002663,"As of now we stand no chance in a battle with Lapranche... even I have grown too weak to defeat her, my former pupil. She is certainly in a weakened state, so there is time to prepare. Expect Lapranche to bide her time by causing choas around Madrigal. For now we must build our strength.",就目前而言，我们与拉普朗什交战毫无胜算……连我这个昔日的老师也已衰弱到无法击败她。她现在无疑处于虚弱状态，所以我们还有时间准备。拉普朗什必定会在瑞加大陆各处制造混乱以拖延时间。眼下我们必须积蓄力量。
PROPQUEST_SCENARIO_INC_002664,"Before we move forward with the plan... I need you to prove that you are strong enough to fend for yourself. Bring me 50 Bearnerky Fang, then we can move forward with preparations.",在我们推进计划之前……我需要你证明自己有足够实力自保。给我带来50颗独眼野熊的尖牙，之后我们就能继续筹备了。
PROPQUEST_SCENARIO_INC_002665,"If we are not prepared, Lapranche could unleash evil more terrible than us mortals could ever hope to face.",如果我们毫无准备，拉普朗什可能释放出凡人根本无法抗衡的可怕邪恶。
PROPQUEST_SCENARIO_INC_002666,I hope you understand my hesitance... the power of Purple Magic is nothing to play with. We may start work on the plan now.,希望你能理解我的犹豫……紫色魔法的力量可不是闹着玩的。现在我们可以开始执行计划了。
PROPQUEST_SCENARIO_INC_002667,Go defeat Bearnerky until you have collected 50 Bearnerky Fang.,去击败独眼野熊，直到收集到50颗独眼野熊的尖牙。
PROPQUEST_SCENARIO_INC_002668,Collect 50 Bearnerky Fang.,收集50颗独眼野熊的尖牙。
PROPQUEST_SCENARIO_INC_002669,Brother in Arms,战友
PROPQUEST_SCENARIO_INC_002670,"There is no hope in standing against Lapranche on our own. We must build an army of warriors, ensuring each is equipped with the weapons and armor needed to succeed.",单凭我们无法对抗拉普朗什。我们必须组建一支勇士大军，确保每个人都配备取胜所需的武器与防具。
PROPQUEST_SCENARIO_INC_002671,"In the Deadwallderness lives a smelter who has experience with unique requests. Tell Nein of our plan, and see what help he can offer.",龙息荒野住着一位冶炼师，他处理过各种特殊委托。把我们的计划告诉罗殷，看看他能提供什么帮助。
PROPQUEST_SCENARIO_INC_002672,"*Scoff* What, will you smelt the materials for equipment all on your own?",*嗤* 怎么，你打算独自冶炼出装备所需的材料吗？
PROPQUEST_SCENARIO_INC_002673,"So there's trouble... Well if Laola has sent you, I am much obliged to help if I can.",原来是出了麻烦……既然是拉宇派你来的，我理应尽力相助。
PROPQUEST_SCENARIO_INC_002674,"Find Nein in the Deadwallderness, and see what he requires to help us equip an army.",在龙息荒野找到罗殷，看看他需要我们提供什么才能帮我们装备一支大军。
PROPQUEST_SCENARIO_INC_002675,Speak with Nein.,与罗殷交谈。
PROPQUEST_SCENARIO_INC_002676,Tough as Steel,坚如钢铁
PROPQUEST_SCENARIO_INC_002677,"Based on Laola's instructions, you'll need to help me gather enough metal scraps for a small army... That might take a while.",按照拉宇的指示，你得帮我收集供一支小队使用的金属废料……这可能需要些时间。
PROPQUEST_SCENARIO_INC_002678,"To get started on the crafting materials for an army of armor, collect 200 of the Muffrin's metal buckets.",要开始筹备大军盔甲的制作材料，先去收集200个麻普的桶子。
PROPQUEST_SCENARIO_INC_002679,Finding the right metals will be difficult on your own...,单凭你一人很难找到合适的金属……
PROPQUEST_SCENARIO_INC_002680,Thank you for your efforts. I know gathering this much metal must have taken a toll on you.,感谢你的付出。我知道收集这么多金属一定让你吃了不少苦头。
PROPQUEST_SCENARIO_INC_002681,Collect 200 buckets from the Muffrins that roam the Deadwallderness.,从龙息荒野游荡的麻普身上收集200个桶子。
PROPQUEST_SCENARIO_INC_002682,Collect 200 Muffrin Bucket.,收集200个麻普的桶子。
PROPQUEST_SCENARIO_INC_002683,High Quality Goods,高品质商品
PROPQUEST_SCENARIO_INC_002684,Smelting all this metal down for use will take a while. You may want to find an armorsmith to determine what else will be needed until I finish my work.,把这些金属全部熔炼成可用之材需要些时间。在我完工之前，你不妨去找位盔甲匠，看看还需要准备些什么。
PROPQUEST_SCENARIO_INC_002685,Out in the Village of Kan there is a talented craftsman named Chenbing Khan who can guide you further.,在勇者营地有一位技艺精湛的匠人，名叫查宾可汗，他可以进一步指导你。
PROPQUEST_SCENARIO_INC_002686,"Well you could just wait here... but time is ticking, better to get other tasks out of the way.",你也可以就在这里等着……但时间不等人，不如先把其他事情办了。
PROPQUEST_SCENARIO_INC_002687,"It's nice Nein thinks enough of me to send you my way. I run a humble armor shop here in my village, and know all the secrets of how to improve simple weapons into deadly munitions.",罗殷如此看重我，把你派到这里，真是让我受宠若惊。我在村里经营着一家简陋的盔甲铺，并深谙将普通武器改造成致命兵器的全部诀窍。
PROPQUEST_SCENARIO_INC_002688,Go find Chenbing in the Village of Kan and give him a hand collecting crafting materials.,去勇者营地找到查宾，帮他收集制作材料。
PROPQUEST_SCENARIO_INC_002689,Speak with Chenbing.,与查宾交谈。
PROPQUEST_SCENARIO_INC_002690,The Twisted Sanctuary Part 2,扭曲的圣域 第二部分
PROPQUEST_SCENARIO_INC_002691,Gotta Catch Them All,一定要全部集齐
PROPQUEST_SCENARIO_INC_002692,"We won't be able to craft any armor until Nein has completed smelting the Muffrin's buckets into something suitable. But once Nein is complete, we will need several materials only found from rare creatures known as Catchers.",在罗殷把麻普的桶子熔炼成合用之材之前，我们无法打造任何盔甲。不过等罗殷完工后，我们还需要几种只有从名为灵兽的稀有生物身上才能取得的材料。
PROPQUEST_SCENARIO_INC_002693,"Catchers can be found all over Madrigal, but luckily for you all the most common catchers appear in Darkon 3. Collect 500 of each Catcher's material, then head back to Nein to collect the smelted metal.",灵兽在瑞加大陆各处都能找到，但所幸最常见的灵兽都出没于达肯3。收集每种灵兽材料各500份，然后回到罗殷那里领取熔炼好的金属。
PROPQUEST_SCENARIO_INC_002694,Collecting materials from Catchers is quite simple... I have a book on how to gather them in my tent if you need a reference.,从灵兽身上收集材料相当简单……我的帐篷里有一本关于如何采集的书，你需要的话可以查阅。
PROPQUEST_SCENARIO_INC_002695,Perfect timing! I just finished smelting down all the metal into something of use.,来得正好！我刚把所有金属熔炼成了可用的材料。
PROPQUEST_SCENARIO_INC_002696,"Catchers are rare, but Darkon 3 has them all. Keep looking, and make sure to equip your Collector weapon to harvest a Catcher after you defeat it.",灵兽很稀有，但达肯3应有尽有。继续寻找，记得装备你的采集武器，这样在击败灵兽后才能收取材料。
PROPQUEST_SCENARIO_INC_002697,"Collect 500 Erons, Krasec, Mineral, and Guru.",收集500份绿磷石矿、炽红石花、奇异金属和石电磁矿。
PROPQUEST_SCENARIO_INC_002698,Crafting an Army,打造一支大军
PROPQUEST_SCENARIO_INC_002699,"With the smelting complete, it's time to craft an army's worth of armor!",熔炼完成，是时候打造供一支大军使用的盔甲了！
PROPQUEST_SCENARIO_INC_002700,"Alright, head back to Chenbing. Work with him to start crafting the armor we'll need to win the battle against Lapranche!",好，回到查宾那里。和他一起着手打造我们战胜拉普朗什所需的盔甲！
PROPQUEST_SCENARIO_INC_002701,Crafting is tough work. It's not for everybody.,打造是件苦差事，不是谁都做得来的。
PROPQUEST_SCENARIO_INC_002702,"Well done, we have everything needed to bolster an army of adventurers against the Black Magician!",干得漂亮，我们已备齐一切，足以武装一支对抗黑魔法师的冒险者大军！
PROPQUEST_SCENARIO_INC_002703,Head back to Chenbing to help craft armaments.,回到查宾那里协助打造军备。
PROPQUEST_SCENARIO_INC_002704,Meet with Chenbing.,与查宾会面。
PROPQUEST_SCENARIO_INC_002705,A Loud Bang!,一声巨响！
PROPQUEST_SCENARIO_INC_002706,Look at all this steel. We'll have an army up and running in no time!,看看这些钢材。我们很快就能把一支大军拉起来！
PROPQUEST_SCENARIO_INC_002707,"*BANG* Wha... What was that!? Perhaps the battle has already begun? Quickly, go speak with Loala to figure out what is going on!",*砰* 什……那是什么！？难道战斗已经打响了？快，去和拉宇谈谈，弄清到底发生了什么！
PROPQUEST_SCENARIO_INC_002708,Just a while longer and we'll have enough armor to equip a proper militia!,再等等，我们很快就有足够的盔甲来装备一支像样的民兵队了！
PROPQUEST_SCENARIO_INC_002709,Chenbing was smart to send you to me... surely you felt the tremors after that loud bang.,查宾派你来找我很明智……那声巨响之后的震动你肯定也感觉到了。
PROPQUEST_SCENARIO_INC_002710,Speak with Loala to find out what caused that loud noise.,与拉宇交谈，弄清楚那声巨响的原因。
PROPQUEST_SCENARIO_INC_002711,Meet with Laola.,与拉宇会面。
PROPQUEST_SCENARIO_INC_002712,Shot Through the Heart,贯穿心脏的一击
PROPQUEST_SCENARIO_INC_002713,"A hole in the heart of the Guardiane Sanctuary has been torn asunder! Purple magic has ripped open a portal to a sad, twisted version of the once peaceful haven.",堕落圣域的中心被撕裂出一个洞！紫色魔法撕开了一道传送门，通往那个曾经祥和的避难所——如今却变成了悲惨而扭曲的模样。
PROPQUEST_SCENARIO_INC_002714,"Reports show that all the inhabitants were killed and raised as bloodthirsty masquerpets... this is no doubt the doing of Lapranche. She is causing chaos to bide time, just as we expected!",报告显示，所有居民都被杀害，并以嗜血怪物的形态被唤醒……这无疑出自拉普朗什之手。正如我们所料，她正制造混乱以拖延时间！
PROPQUEST_SCENARIO_INC_002715,For now we must pause our preparations to deal with the twisted Guardiane Sanctuary.,现在我们必须暂停筹备，先去处理扭曲的堕落圣域。
PROPQUEST_SCENARIO_INC_002716,A guard has been posted out front of the portal... go speak with them. Prepare to clear out the Guardiane Sanctuary.,传送门前已派驻了一名守卫……去和他谈谈。准备清剿堕落圣域。
PROPQUEST_SCENARIO_INC_002717,"Are you really so weak as to run away from danger, after all you've done!?",你做了这么多，难道真要如此懦弱地临阵脱逃！？
PROPQUEST_SCENARIO_INC_002718,Laola sent word of your arrival. The events that Lapranche have put into place are tragic... all the inhabitants of the Guardiane Sanctuary are dead. And yet... they live.,"拉宇传来消息说你要来了。拉普朗什造成的惨剧令人悲痛……堕落圣域的所有居民都已死去。然而……它们却还在""活着""。"
PROPQUEST_SCENARIO_INC_002719,"Go find the guard posted outside the Guardiane Sanctuary portal, in the heart of Guardiane.",去圣堂中心，找到驻守在堕落圣域传送门外的守卫。
PROPQUEST_SCENARIO_INC_002720,Speak with the Guardiane Sanctuary guard.,与堕落圣域的守卫交谈。
PROPQUEST_SCENARIO_INC_002721,The Twisted Sanctuary Part 3,扭曲的圣域 第三部分
PROPQUEST_SCENARIO_INC_002722,A Potent Mist,浓郁的迷雾
PROPQUEST_SCENARIO_INC_002723,A horde of the dead have arisen inside the sanctuary... ,圣域内涌起了一大批亡者……
PROPQUEST_SCENARIO_INC_002724,Your first order of duty is to eliminate the dead and find any clues that may lead to Lapranche.,你的首要任务是消灭这些亡者，并找到任何能追查到拉普朗什的线索。
PROPQUEST_SCENARIO_INC_002725,Do not feel guilty for slaying the creatures inside. They are long dead now.,不必为斩杀里面的生物而愧疚。它们早已死去多时。
PROPQUEST_SCENARIO_INC_002726,"Well done on clearing out the dead. Oh, and what's this? Interesting... a vial of purple mist. Could the mist be connected to the Purple Magic that Lapranche is said to practice?",清除亡者的工作做得很好。哦，这是什么？有意思……一瓶紫色魔雾。这雾会不会与据说拉普朗什修习的紫色魔法有关？
PROPQUEST_SCENARIO_INC_002727,"Clear out the undead minions inside the sanctuary, and search for any clue that could help us find Lapranche.",清除圣域内的亡者仆从，搜寻任何有助于我们找到拉普朗什的线索。
PROPQUEST_SCENARIO_INC_002728,"Kill 30 Regal Kumai, 30 Enchanted Rider, and find the Vial of Purple Mist.",消灭30只王室库迈、30只魔化莱德，并找到盛有紫色魔雾的瓶子。
PROPQUEST_SCENARIO_INC_002729,Purple Reign,紫色统治
PROPQUEST_SCENARIO_INC_002730,Often potent magic leaves behind a trail in its wake of destruction. If Purple Magic was used to destroy the Guardiane Sanctuary... the people inside that turned into those creatures may have a small essence of purple energy still hanging on.,强大的魔法往往会在破坏之后留下痕迹。如果紫色魔法被用于摧毁堕落圣域……那些变成怪物的居民身上，或许还残留着一丝紫色能量。
PROPQUEST_SCENARIO_INC_002731,"Return to the ruins of the Guardiane Sanctuary, and collect the purple essence left behind on the bodies of the creatures within.",返回堕落圣域的废墟，从里面怪物的尸体上收集残留的紫色精华。
PROPQUEST_SCENARIO_INC_002732,Little is known about the effects of Purple Magic on the body... a healthy fear of it may be for the best.,紫色魔法对肉体的影响鲜为人知……对它保持适度的敬畏或许是明智的。
PROPQUEST_SCENARIO_INC_002733,"The evidence is clear... the only magician powerful enough to cast Purple Magic of this potency is the Purple Magician herself, Lapranche.",证据很明确……唯一有足够实力施展如此强度紫色魔法的魔法师，正是紫色魔法师本人——拉普朗什。
PROPQUEST_SCENARIO_INC_002734,Destroy the Enchanted AI and Enchanted Shaman in the twisted Guardiane Sanctuary to obtain 20 Purple Essence.,在扭曲的堕落圣域中消灭魔化阿修罗和魔化萨满，以获得20份紫色精华。
PROPQUEST_SCENARIO_INC_002735,Collect 20 Purple Essence from Enchanted AI and Enchanted Shaman.,从魔化阿修罗和魔化萨满身上收集20份紫色精华。
PROPQUEST_SCENARIO_INC_002736,Keeper of the Kingdom,王国的守护者
PROPQUEST_SCENARIO_INC_002737,Lapranche has certainly slowed down our efforts to build a force that can oppose her. It's likely that the previous Keeper of the Sanctuary was transformed like all the others...,拉普朗什无疑拖慢了我们组建反抗力量的进度。圣域的前任看守者很可能也和其他人一样被转化了……
PROPQUEST_SCENARIO_INC_002738,"The Keeper was a force to be reckoned with, the second in command of the protective force that guarded the Guardiane Sanctuary. If the Keeper still remains... it will be a formidable challenge.",那位看守者实力不容小觑，是守卫堕落圣域的护卫军中位列第二的指挥官。如果它还残留于世……那将是一场艰巨的挑战。
PROPQUEST_SCENARIO_INC_002739,"You have already done so much to help uncover the truth of the Purple Magician's terrible crimes. Defeat the Keeper if you are able... and please, be careful.",你已经为揭开紫色魔法师可怕罪行的真相做了这么多。如果可以的话，去击败那位看守者……还有，请务必小心。
PROPQUEST_SCENARIO_INC_002740,"The Keeper stood guard over the grounds of the Guardiane Sanctuary, and dealt with intruders abruptly. Defeating the Keeper is a challenge even you may not be ready to handle.",看守者曾守卫着堕落圣域的领地，对入侵者毫不留情。击败看守者是一场挑战，连你都可能尚未准备好。
PROPQUEST_SCENARIO_INC_002741,"Your strength is nearly beyond belief... You are a true hero, down to the very core of who you are. The Pyramid Keeper was also a hero... and now a hero who can rest.",你的力量几乎令人难以置信……从骨子里看，你都是一位真正的英雄。金字塔看守者也曾是一位英雄……如今，这位英雄终于可以安息了。
PROPQUEST_SCENARIO_INC_002742,"Carefully scout the grounds of the twisted Guardiane Sanctuary, and defeat whatever remains of the Pyramid Keeper.",仔细搜寻扭曲的堕落圣域，击败金字塔看守者残留的一切。
PROPQUEST_SCENARIO_INC_002743,Destroy the Pyramid Keeper.,消灭金字塔看守者。
PROPQUEST_SCENARIO_INC_002744,Raiders of the Lost Sanctuary,失落圣域的掠夺者
PROPQUEST_SCENARIO_INC_002745,Lapranche has twisted this once peaceful haven into the distorted Guardiane Sanctuary that you see before you. Your strength has carried you to do deeds that many others would be unable to stomach.,拉普朗什把这个曾经祥和的避难所扭曲成了你眼前这般畸形的堕落圣域。你的力量支撑着你完成了许多他人无法承受的壮举。
PROPQUEST_SCENARIO_INC_002746,"With great honor, you have put to rest those cursed by the power of the Purple Magician. In eternal rest, Shade's curse can no longer harm them.",你以莫大的荣耀，让那些被紫色魔法师之力诅咒的人得以安息。在永恒的安眠中，谢莉德的诅咒再也无法伤害他们。
PROPQUEST_SCENARIO_INC_002747,"Within the walls of the Guardiane Sanctuary, there was one guardian that acted as the last defense against evil that dared to approach. In hundreds of years of service, the Pyramid Guardian never faced defeat... until now.",在堕落圣域的城墙之内，曾有一位守卫作为抵御来犯之恶的最后防线。数百年的守护中，金字塔守卫从未尝过败绩……直到现在。
PROPQUEST_SCENARIO_INC_002748,"The last bastion of Guardiane stands within the deformed heart before you. Its tattered muscles move to protect the twisted realm, though no life remains behind its eyes.",圣域的最后堡垒就矗立在你面前那颗畸形的心脏之中。它破损的肌肉仍在活动，守护着这片扭曲的领域，尽管它的眼中已无任何生机。
PROPQUEST_SCENARIO_INC_002749,"This barbaric curse sickens me... Put the Pyramid Guardian to rest, then report back to Laola.",这野蛮的诅咒令我作呕……让金字塔守卫安息吧，然后回来向拉宇报告。
PROPQUEST_SCENARIO_INC_002750,For all but the Purple Magician... little hope may remain for those who enter into a battle with such a powerful warrior.,除了紫色魔法师本人……与如此强大的战士交战者，恐怕几乎无人生还。
PROPQUEST_SCENARIO_INC_002751,"So it is done... thank you for laying to rest those cursed by the Purple Magician. It's selfish, but I truly do not wish harm upon Lapranche, only for her to be free from Shade's curse...",一切都结束了……谢谢你让那些被紫色魔法师诅咒的人得以安息。这很自私，但我真心不愿拉普朗什受到伤害，只希望她能摆脱谢莉德的诅咒……
PROPQUEST_SCENARIO_INC_002752,"I intend to find a way to stop Lapranche without destroying her entirely... but in the end, we have no choice but to stop her now.",我打算找到一种方法，在不彻底毁灭拉普朗什的前提下阻止她……但到头来，我们别无选择，只能现在就阻止她。
PROPQUEST_SCENARIO_INC_002753,"Guardiane needs time to heal, but soon we will speak again about the plan at hand. The army of Madrigal will rise again to defeat Shade and her puppet Lapranche.",圣域需要时间疗伤，但很快我们就会再谈眼前的计划。瑞加大陆的大军必将再度崛起，击败谢莉德和她的傀儡拉普朗什。
PROPQUEST_SCENARIO_INC_002754,"Seek out what remains of the Pyramid Guardian, and put it to rest.",找到金字塔守卫的残骸，让它安息。
PROPQUEST_SCENARIO_INC_002755,Destroy the Pyramid Guardian.,消灭金字塔守卫。
PROPQUEST_SCENARIO_INC_002756,A New Weapon Part 1,全新的武器 第一部分
PROPQUEST_SCENARIO_INC_002757,Rankashu's Request,小草儿的请求
PROPQUEST_SCENARIO_INC_002758,I don't know why I am telling you this... but sometimes I think back to the mighty beast Clockworks that us Dwarpets built to protect Madrigal long ago.,我不知道为什么要跟你说这些……但我有时会想起我们矮人族在很久以前为守护瑞加大陆而造的强大巨兽——时空毁灭者。
PROPQUEST_SCENARIO_INC_002759,"You are a powerful warrior... you may have even fought Clockworks at its prison in Darken City. But did you know Clockworks was once used to defend all life from the evils of the Goddess Shade? Shade corrupted our creation, turning the Clockworks against the world for her own desires.",你是一位强大的战士……你甚至可能在达肯镇的囚禁地与时空毁灭者交过手。但你知道吗？时空毁灭者曾被用以守护万物生灵，抵御女神谢莉德的邪恶。谢莉德腐化了我们的造物，让时空毁灭者为一己私欲转而与全世界为敌。
PROPQUEST_SCENARIO_INC_002760,My family is long gone now... but they always told tales about how Clockworks was built from mechanical parts formed in the mines around Madrigal.,我的族人们早已不在了……但他们总讲述时空毁灭者是如何用瑞加大陆各处矿山中锻造的机械部件建造而成的。
PROPQUEST_SCENARIO_INC_002761,"It's a long shot, but I want to try and seek out any lost parts from back then that may have been left behind in the mines. I haven't been successful in finding anything during my stay here at the Dekane Mine, but I've heard there is a mine deep in the mountains of Azria...",希望渺茫，但我想试着寻找当年遗留在矿山的失落部件。我在达肯矿洞逗留期间一无所获，但我听说阿兹利亚的群山深处有一座矿山……
PROPQUEST_SCENARIO_INC_002762,"I think there may be lost technology hidden in the Azria Mine that may allow us to create something that could one day rid the world of Shade's cursed creatures, the masquerpets.",我觉得阿兹利亚矿洞中可能藏着失落的技术，或许能让我们造出某种东西，终有一天将世上受谢莉德诅咒的怪物清除殆尽。
PROPQUEST_SCENARIO_INC_002763,Would you go find someone in Azria who may know more about the mine hidden in the mountains?,你能去阿兹利亚找一位可能了解山中那座矿山的人吗？
PROPQUEST_SCENARIO_INC_002764,Thank you for helping me... it's rare that I work with humans who are so willing. Please go to the Azria Village and find someone who knows about the Azria Mine.,谢谢你帮我……很少能遇到这么乐意相助的人类。请前往阿兹利亚村，找一位了解阿兹利亚矿洞的人。
PROPQUEST_SCENARIO_INC_002765,I'm not surprised... humans were never good to us Dwarpets anyway.,我并不意外……反正人类对我们矮人族从来就没什么善意。
PROPQUEST_SCENARIO_INC_002766,"Hello warrior, so you want to know more about the mines here in Azria?",你好，战士，你想了解更多关于阿兹利亚矿山的事？
PROPQUEST_SCENARIO_INC_002767,Speak to someone in Azria Village who knows about the Azria Mine.,与阿兹利亚村中了解阿兹利亚矿洞的人交谈。
PROPQUEST_SCENARIO_INC_002768,Find and speak with Mawrang in Azria Village.,在阿兹利亚村找到玫然并与他交谈。
PROPQUEST_SCENARIO_INC_002769,Fresh Mountain Air,山间的新鲜空气
PROPQUEST_SCENARIO_INC_002770,"For many years the mine that sits atop the Azria mountains was run by a group of Dwarpets. The export of crystals from the mine allowed us to build this village in the first place, long long ago. ",很多年来，坐落在阿兹利亚群山顶上的那座矿洞由一群矮人族经营。很久很久以前，正是矿山出产的水晶让我们得以建起这座村庄。
PROPQUEST_SCENARIO_INC_002771,"Not only did the crystals help defend Azria Village from the monsters outside these walls, but they were once used to give life to a mechanical beast that the Dwarpets used to fight against Shade's army.",这些水晶不仅帮助阿兹利亚村抵御墙外的怪物，还曾被用于赋予一头机械巨兽生命——矮人族用它来对抗谢莉德的大军。
PROPQUEST_SCENARIO_INC_002772,"Rankashu probably wonders what is left of the mine's powerful crystals, and what may have been left behind by his people...",小草儿大概想知道，矿山中那些强大的水晶还剩下多少，他的族人又留下了什么……
PROPQUEST_SCENARIO_INC_002773,"There is a guard outside the entrance to the Storm Peak where the Azria Mine is located, let him know that Mawrang has sent you and he may allow you to step inside the mine to search for clues.",阿兹利亚矿洞所在的风暴之巅入口外有一名守卫，告诉他你是玫然派来的，他或许会允许你进入矿洞搜寻线索。
PROPQUEST_SCENARIO_INC_002774,Those are do not seek knowledge may never know true wisdom...,不求知者永远无法获得真正的智慧……
PROPQUEST_SCENARIO_INC_002775,"Oh hello, it's rare to see visitors way up here. I see, so Mawrang sent you to investigate the mine. ",哦，你好，这么高的地方很少有访客。原来如此，是玫然派你来调查矿洞的。
PROPQUEST_SCENARIO_INC_002776,Find the Storm Peak Guard.,找到风暴之巅的守卫。
PROPQUEST_SCENARIO_INC_002777,Speak to the Storm Peak Guard.,与风暴之巅的守卫交谈。
PROPQUEST_SCENARIO_INC_002778,Winter is Coming,凛冬将至
PROPQUEST_SCENARIO_INC_002779,"Storm Peak mountain has been closed off for many years... I am stationed here to prevent anyone from going inside. Terrifying masquerpets have overrun the place, and as far as I know no one has been able to safely step inside for a long time.",风暴之巅已经封锁很多年了……我驻守在此，阻止任何人进入。可怕的怪物占据了那里，据我所知很久都没人能安全进去了。
PROPQUEST_SCENARIO_INC_002780,"If you really want to go inside, you'll need to prove that you can handle the strongest masquerpets in Azria. Those found within the Storm Peak are even more dangerous...",如果你真想进去，就必须证明自己能应付阿兹利亚最强的怪物。风暴之巅里的那些更加危险……
PROPQUEST_SCENARIO_INC_002781,Eliminate 200 Mammoth to prove that you can handle the dangers within the Storm Peak.,消灭200只猛犸象，以证明你能应对风暴之巅中的危险。
PROPQUEST_SCENARIO_INC_002782,The Storm Peak mine is too dangerous anyway...,反正风暴之巅的矿洞也太危险了……
PROPQUEST_SCENARIO_INC_002783,You actually managed to kill that many Mammoths!? Well if that is the case... I think it's time to let you test your fate inside the Storm Peak mountain.,你真的消灭了那么多猛犸象！？既然如此……我想是时候让你去风暴之巅山中试试运气了。
PROPQUEST_SCENARIO_INC_002784,Eliminate 200 Mammoths as proof of your strength.,消灭200只猛犸象，以证明你的实力。
PROPQUEST_SCENARIO_INC_002785,Kill 200 Mammoths.,消灭200只猛犸象。
PROPQUEST_SCENARIO_INC_002786,Lost Kin,失散的同族
PROPQUEST_SCENARIO_INC_002787,"I wish you the best on your journey, however just know that the Storm Peak is terrifying. Only step foot within if you are truly prepared.",祝你旅途顺利，不过你要知道风暴之巅十分可怕。只有在真正做好准备时才踏进去。
PROPQUEST_SCENARIO_INC_002788,"Many dangers lie ahead... but I trust you to take them head on and emerge victorious, warrior. Enter the Storm Peak and find out what lies ahead.",前方危机四伏……但我相信你会迎难而上并凯旋，战士。进入风暴之巅，看看前方有什么在等着你。
PROPQUEST_SCENARIO_INC_002789,"It is not too late to turn back, entering the Storm Peak is almost certain death.",现在回头还来得及，进入风暴之巅几乎必死无疑。
PROPQUEST_SCENARIO_INC_002790,Heh!? What is one of your kind doing here? I haven't seen any living creatures other than these puppets of Shade for years now...,嘿！？你这类人怎么会在这里？除了谢莉德的这些傀儡，我已经好几年没见过任何活物了……
PROPQUEST_SCENARIO_INC_002791,Head inside the Storm Peak when you are ready.,准备好后就进入风暴之巅。
PROPQUEST_SCENARIO_INC_002792,Speak with Rankashin.,与小小草儿交谈。
PROPQUEST_SCENARIO_INC_002793,A New Weapon Part 2,全新的武器 第二部分
PROPQUEST_SCENARIO_INC_002794,A Harey Situation,兔子的困境
PROPQUEST_SCENARIO_INC_002795,So a Dwarpet named Rankashu sent you to look for scraps that could be used to build another weapon... interesting. I have lived my life reflecting on the effects of the last time the Dwarpets made a weapon... the Clockworks.,这么说，是名叫小草儿的矮人族派你来寻找可用于打造另一件武器的零件……有意思。我这一生都在反思矮人族上次造武器——时空毁灭者——所带来的后果。
PROPQUEST_SCENARIO_INC_002796,"Creating the Clockworks weapon brought Madrigal salvation... until Shade turned our weapon against us. The Clockworks rampaged throughout the lands, destroying villages and the people who lived in them. Clockworks was eventually contained... but is no longer a threat to Shade.",造出时空毁灭者这把武器曾为瑞加大陆带来拯救……直到谢莉德让我们的武器反噬自身。时空毁灭者在各地肆虐，摧毁村庄与其居民。它最终被制服……却也不再对谢莉德构成威胁了。
PROPQUEST_SCENARIO_INC_002797,"All the other Dwarpets have long died or left the Storm Peak... but perhaps with your help, we can gather materials to build a new weapon to stop Shade once and for all.",其他矮人族早已死去或离开了风暴之巅……但也许在你的帮助下，我们能集齐材料，造出一件彻底终结谢莉德的新武器。
PROPQUEST_SCENARIO_INC_002798,Frozen Hare Guards have completely blocked off the path leading deeper within the mountains. If you can take down their leader we can make a foothold further ahead.,冰封兔子骑士完全封锁了通往群山深处的道路。如果你能击倒它们的首领，我们就能在前方取得立足点。
PROPQUEST_SCENARIO_INC_002799,You were my one hope of continuing work on a new weapon... please reconsider.,你是我继续研制新武器的唯一希望……请再考虑一下。
PROPQUEST_SCENARIO_INC_002800,Well done! With the Frozen Hare Assassin out of the way we can continue to explore.,干得好！冰封兔子刺客已被清除，我们可以继续探索了。
PROPQUEST_SCENARIO_INC_002801,"Eliminate 30 Frozen Hare Guards and their leader, the Frozen Hare Assassin.",消灭30只冰封兔子骑士以及它们的首领冰封兔子刺客。
PROPQUEST_SCENARIO_INC_002802,Kill 30 Frozen Hare Guard and 1 Frozen Hare Assassin.,消灭30只冰封兔子骑士和1只冰封兔子刺客。
PROPQUEST_SCENARIO_INC_002803,Building a Weapon,打造武器
PROPQUEST_SCENARIO_INC_002804,With the guards out of our hair we can start collecting supplies to start building a brand new weapon! ,守卫不再碍事，我们可以开始收集物资，着手打造一件全新的武器了！
PROPQUEST_SCENARIO_INC_002805,The Enraged Yetti and Saphyryan Hounds that live in the valley below have weapons and armor we can use to forge the basis of a mechanical beast like Clockworks.,下方山谷中的暴怒怪力羊和冰封斑狼持有武器与护甲，我们可以用它们锻造出类似时空毁灭者的机械巨兽雏形。
PROPQUEST_SCENARIO_INC_002806,"Head down to the valley and collect Yetti Hammers and Hound Harnesses, they'll come in handy for crafting...",前往下方的山谷，收集怪力羊的锤子和恶犬挽具，它们在打造时会派上用场……
PROPQUEST_SCENARIO_INC_002807,The hounds only bite a little bit...,那些猎犬只是稍微咬人而已……
PROPQUEST_SCENARIO_INC_002808,"Yes, this will do nicely! I can start forging a new Clockworks with these materials. But there's one thing we're missing...",很好，这正合用！有了这些材料，我就能开始锻造新的时空毁灭者了。不过我们还缺一样东西……
PROPQUEST_SCENARIO_INC_002809,Collect Yetti Hammers and Hound Harnesses from the masquerpets in the valley below.,从下方山谷的怪物身上收集怪力羊的锤子和恶犬挽具。
PROPQUEST_SCENARIO_INC_002810,"Collect 30 Yetti Hammers from the Enraged Yetti, and 15 Hound Harness from the Saphyryan Hounds.",从暴怒怪力羊身上收集30把怪力羊的锤子，从冰封斑狼身上收集15副恶犬挽具。
PROPQUEST_SCENARIO_INC_002811,Army of the Dead,亡者大军
PROPQUEST_SCENARIO_INC_002812,"These armaments are a good foundation to work off of for now... but to bring a new Clockworks to life, we need a powerful core of energy. ",这些军备暂时是个不错的底子……但要让新的时空毁灭者获得生命，我们还需要一个强大的能量核心。
PROPQUEST_SCENARIO_INC_002813,"When the masquerpets invaded Storm Peak, the Crystal Demon Lord led an army of undead deep within the mountains and sealed away the last known energy core produced by my people...",怪物入侵风暴之巅时，冰封恶魔领主率领一支亡者大军深入山中，将我族制造的最后一颗已知能量核心封存了起来……
PROPQUEST_SCENARIO_INC_002814,"The Demon Lord hides behind its skeletal minions, so to even have a chance at retriving the energy core we will need to eliminate the Skeletal Militants along with the Skeleton General.",恶魔领主藏在它的骷髅仆从身后，所以哪怕只想有机会取回能量核心，我们也必须先消灭骷髅武士和骷髅将军。
PROPQUEST_SCENARIO_INC_002815,The Skeletal Militants are formidable foes. The Skeleton General is said to use sharp blades affixed to its back to rip through anything that gets in its way.,骷髅武士是难缠的对手。据说骷髅将军会用它背上固定的利刃撕碎一切挡路之物。
PROPQUEST_SCENARIO_INC_002816,There's no way we can get to the Demon Lord without first killing its minions...,不先杀掉它的仆从，我们根本无法接近恶魔领主……
PROPQUEST_SCENARIO_INC_002817,Your power is tremendous! With your help I have made more progress in creating a new Clockworks than I have in my years out here on my own.,你的力量惊人！有了你的帮助，我在研制新时空毁灭者上的进展，胜过我独自在此度过的那些年。
PROPQUEST_SCENARIO_INC_002818,You couldn't find the Skeletal Militants and their general? Head to the valley far below.,你没找到骷髅武士和它们的将军吗？去下方很远的峡谷看看吧。
PROPQUEST_SCENARIO_INC_002819,Kill 80 Skeletal Militants and the Skeleton General.,消灭80只骷髅武士和骷髅将军。
PROPQUEST_SCENARIO_INC_002820,Weapon of the Future,未来武器
PROPQUEST_SCENARIO_INC_002821,The dream of building a new weapon to defend Madgrial is starting to feel real. The only thing standing in our way is the Crystal Demon Lord.,打造新武器保卫瑞加大陆的梦想，开始变得触手可及。如今唯一挡在我们面前的，就是冰封恶魔领主。
PROPQUEST_SCENARIO_INC_002822,"Go collect the Clockworks Core that the Crystal Demon Lord has been guarding all these years. Once you've collected the Clockworks Core, I'm sure that Rankashu would appreciate an update on your progress...",去取回冰封恶魔领主守护多年的时空毁灭者核心。一旦拿到时空毁灭者核心，我想小草儿一定很乐意听到你的进展汇报……
PROPQUEST_SCENARIO_INC_002823,Without the Clockworks Core there is no hope to build a new weapon.,没有时空毁灭者核心，就没有希望造出新武器。
PROPQUEST_SCENARIO_INC_002824,"This is incredible!!! My kin was in Storm Peak all along... and a Clockworks Core was being guarded there, too!? Perhaps the future of Madrigal is brighter than I thought...",真是难以置信！！！我的族人一直都在风暴之巅……而且那里还守护着一颗时空毁灭者核心！？也许瑞加大陆的未来比我想象的更加光明……
PROPQUEST_SCENARIO_INC_002825,"I will spend my days trying to understand this Clockworks Core, perhaps one day Rankashin and I will successfully create the strongest Clockworks of all time!",我将倾尽余生研究这颗时空毁灭者核心，也许有一天，小小草儿和我能成功造出史上最强的时空毁灭者！
PROPQUEST_SCENARIO_INC_002826,Destroy the Crystal Demon Lord so I may finally bring a new Clockworks into the world!,消灭冰封恶魔领主，这样我终于能把一台新的时空毁灭者带到这个世界上！
PROPQUEST_SCENARIO_INC_002827,"Defeat the Crystal Demon Lord to obtain the Clockworks Core, then return to Rankashu in Darkon.",击败冰封恶魔领主取得时空毁灭者核心，然后返回达肯找小草儿。
PROPQUEST_SCENARIO_INC_002828,Hael's Swords,海尔的剑
PROPQUEST_SCENARIO_INC_002829,Altars of a Dark Clown,黑暗小丑的祭坛
PROPQUEST_SCENARIO_INC_002830,"Hidden within the walls of the Mars Mine are altars decorated with the symbol of the evil clown goddess, Shade. ",魔域密殿的墙内隐藏着一座座祭坛，上面装饰着邪恶小丑女神谢莉德的象征。
PROPQUEST_SCENARIO_INC_002831,Go visit the mine and see what I mean. The altars all have the symbol of Shade's corruption scattered nearby.,去那座矿洞看看就明白我的意思了。祭坛周围散布着谢莉德腐化的象征。
PROPQUEST_SCENARIO_INC_002832,"Your curiosity will not go unpunished... to reveal the nature of Shade's power, you must defeat her elite guards within the Mars Mine.",你的好奇心不会不付出代价……要揭示谢莉德力量的本质，你必须击败魔域密殿中她的精锐守卫。
PROPQUEST_SCENARIO_INC_002833,Perhaps this is where your story ends...,也许你的故事就到此为止了……
PROPQUEST_SCENARIO_INC_002834,"Ah, I can tell you were successful in slaying Shade's elite guards. You're covered in her corrupted energy.",啊，看得出来你成功斩杀了谢莉德的精锐守卫。你浑身沾满了她腐化的能量。
PROPQUEST_SCENARIO_INC_002835,Being in contact with this much purple magic has been known to cause memory loss... perhaps someone with knowledge of these magics could help you before you go mad.,接触如此多的紫色魔法已知会导致记忆丧失……也许有通晓这些魔法的人，能在你发疯之前帮上忙。
PROPQUEST_SCENARIO_INC_002836,Find and eliminate Shade's elite henchmen within the Mars Mine.,在魔域密殿中找到并消灭谢莉德的精锐爪牙。
PROPQUEST_SCENARIO_INC_002837,Kill the elite masquerpets upon each of their altars within the Mars Mine.,在魔域密殿中，于各自祭坛上消灭那些精锐怪物。
PROPQUEST_SCENARIO_INC_002838,A Reunion to Remember,难忘的团聚
PROPQUEST_SCENARIO_INC_002839,Oh you've returned... at least I think I remember you.,哦，你回来了……至少我想我还记得你。
PROPQUEST_SCENARIO_INC_002840,"You brought me something? Oh, it's a drink... I shouldn't trust you, but for some reason I don't sense any animosity in your aura. I'll take a drink in honor of our reunion today.",你给我带了什么？哦，是酒……我本不该信任你，但不知为何，我从你的气息中感觉不到任何敌意。为庆祝我们今日重逢，我就喝一杯吧。
PROPQUEST_SCENARIO_INC_002841,Well it was nice to see you again...,很高兴又见到你……
PROPQUEST_SCENARIO_INC_002842,"It's all coming back, all the years. A lifetime of adventures are now clear... thanks to you. ",一切都回来了，那些年的事。一生的冒险如今都清晰如昨……多亏了你。
PROPQUEST_SCENARIO_INC_002843,"Though I can never repay you for restoring my memories, I hope this gift will show my appreciation. Here, take my blades...",虽然我永远无法报答你帮我找回记忆的恩情，但希望这份礼物能表达我的谢意。来，收下我的双剑……
PROPQUEST_SCENARIO_INC_002844,"Don't worry about me, hero. With my memories in tact again, I can finally fight back against the one who took my mind...",别为我担心，英雄。记忆既已完好如初，我终于可以向那个夺走我心智的家伙反击了……
PROPQUEST_SCENARIO_INC_002845,Will you let me sip from the cup again?,你愿意让我再喝一口杯中的东西吗？
PROPQUEST_SCENARIO_INC_002846,Help restore Hael's memories.,帮助海尔恢复记忆。
PROPQUEST_SCENARIO_INC_002847,King of Beasts,虫王
PROPQUEST_SCENARIO_INC_002848,Venomous Vendetta,剧毒的复仇
PROPQUEST_SCENARIO_INC_002849,"Have you heard of the legendary King of the Beasts? Brace yourself, adventurer, for he is not one to be easily defeated.",你听说过传说中的百兽之王吗？打起精神来，冒险者，他可不是轻易能击败的对手。
PROPQUEST_SCENARIO_INC_002850,"Before you can even set foot in the presence of the King, you must navigate through a winding path teeming with a vicious monsters.",在你得以踏进王者面前之前，必须先穿过一条蜿蜒小径，那里到处都是凶残的怪物。
PROPQUEST_SCENARIO_INC_002851,"Venture forth and cleanse The Wilds of the fearsome cobras and their master, the Twinstrike Den Mother. Clearing an opening will grant you the breathing space needed to strategize and prepare for what's to come.",挺身而出，清扫荒野中那些可怕的眼镜蛇以及它们的主人双头蛇后。打开一条通路，你就能获得喘息的空间，去谋划并为即将到来的一切做准备。
PROPQUEST_SCENARIO_INC_002852,"Should a mere handful of these snakes cast doubt upon your resolve, the prospect of facing Beast King Khan becomes a distant dream!",如果仅仅这几条蛇就动摇了你的决心，那么直面兽王可汗的念头，就只能是遥不可及的梦幻了！
PROPQUEST_SCENARIO_INC_002853,"With the serpents vanquished, your valor shines brightly, hero. Savor a brief rest, but keep your mind sharp, for another battle awaits when you re-enter the untamed Wilds!",蛇群已被消灭，你的勇武熠熠生辉，英雄。好好享受片刻的休息，但保持头脑清醒，因为当你再次踏入这片未驯的荒野时，还有一场战斗在等着你！
PROPQUEST_SCENARIO_INC_002854,"Stay focused, adventurer. Venture back to the Wilds, and press on until the Prismatic Cobras and Twinstrike Den Mother are no more.",保持专注，冒险者。重返荒野，一路推进，直到棱镜蛇和双头蛇后不复存在。
PROPQUEST_SCENARIO_INC_002855,"Defeat 60 Prismatic Cobra, the Twinstrike Den Mother, then 60 Twinstrike Cobra.",击败60只棱镜蛇、双头蛇后，再击败60只双头眼镜蛇。
PROPQUEST_SCENARIO_INC_002856,Tale of Tanuki,浣熊传说
PROPQUEST_SCENARIO_INC_002857,"The fight through the Wilds has only just begun. Armed with your newfound experience in the Wilds, you're ready to confront something even more perilous.",穿越荒野的战斗才刚刚开始。凭借你在荒野中积累的全新经验，你已经准备好面对更加危险的东西了。
PROPQUEST_SCENARIO_INC_002858,Return to the Wilds and face the army of Tanuki warriors who stand as guardians of the King's lush garden.,重返荒野，迎战那支作为王者葱郁花园守卫者的浣熊战士大军。
PROPQUEST_SCENARIO_INC_002859,"The last fight certainly tested your mettle. Rest for a while, and let me know when you are ready to proceed.",上一战确实考验了你的勇气。稍事休息，准备好继续时告诉我。
PROPQUEST_SCENARIO_INC_002860,The King's army has begun to dwindle! Only the most powerful of his guardians remain to defend him.,王者的大军开始减员了！如今只剩下最强的守卫还在保护他。
PROPQUEST_SCENARIO_INC_002861,"You're so close to victory adventurer, do not give up hope. Defeat the Tanuki, and march ever closer to the King's chambers.",你离胜利如此之近，冒险者，不要放弃希望。击败浣熊，向着王者的寝宫继续挺进吧。
PROPQUEST_SCENARIO_INC_002862,Defeat 60 Tanuki Enforcer and the Tanuki Protector.,击败60只浣熊执行官和浣熊守卫者。
PROPQUEST_SCENARIO_INC_002863,Defying the Mystic Monarch,逆抗神秘的君主
PROPQUEST_SCENARIO_INC_002864,The time has come to face King Beast Khan's most powerful allies!,是时候直面兽王可汗最强大的盟友了！
PROPQUEST_SCENARIO_INC_002865,"Deep within the camp of the Wildwoods dwells a potent species of beast known as the Wildwood Stalkers. They are lead by the mysterious Wildwood Shaman, a being believed to imbue them with corrupted magics.",在荒林营地的深处，栖息着一种强大的野兽，名为丛林追猎者。它们由神秘的荒林萨满统领，据说这个存在会向它们灌输腐化的魔法。
PROPQUEST_SCENARIO_INC_002866,To challenge the Wildwood without being thoroughly prepared would be a grave mistake.,在没有充分准备的情况下挑战荒林，将是严重的错误。
PROPQUEST_SCENARIO_INC_002867,"The Wildwood have truly fallen!? Well done, hero! Only the King now stands in your path!",荒林一族真的覆灭了！？干得漂亮，英雄！如今挡在你路上的，只剩下王者了！
PROPQUEST_SCENARIO_INC_002868,"The Wildwood are a fearsome species. Persevere, and keep pressing forward!",荒林一族是可怕的种族。坚持下去，继续向前推进！
PROPQUEST_SCENARIO_INC_002869,Defeat 60 Wildwood Stalker and the Wildwood Shaman.,击败60只丛林追猎者和荒林萨满。
PROPQUEST_SCENARIO_INC_002870,Conquering the King,征服王者
PROPQUEST_SCENARIO_INC_002871,"Beast King Khan, the sovereign of the Wilds, holds dominion over all the untamed creatures dwelling within its depths. His fury befalls any who dare venture too close to his inner sanctum.",荒野的统治者兽王可汗，统御着栖息于荒野深处的一切未驯之物。任何胆敢过分靠近其内殿者，都将承受他的怒火。
PROPQUEST_SCENARIO_INC_002872,"Legend speaks of the King's chambers as housing extraordinary treasures, granting those who uncover them unparalleled power. Are you prepared to test the truth of these legends?",传说王者的寝宫中藏有非凡的珍宝，能让发现它们的人获得无可比拟的力量。你准备好验证这些传说的真伪了吗？
PROPQUEST_SCENARIO_INC_002873,"Your time has come to confront the King, hero. Stand against the mighty King Beast Khan, and collect the spoils of your brave endeavors!",英雄，你直面王者的时刻到了。挺身对抗强大的兽王可汗，收取你勇敢冒险的战利品吧！
PROPQUEST_SCENARIO_INC_002874,Take all the time you require to make your preparations. The Beast King will surely remain within.,慢慢准备，需要多久都行。兽王一定还在里面。
PROPQUEST_SCENARIO_INC_002875,"Astounding, hero! You've vanquished the very King of Beasts himself!",令人惊叹，英雄！你竟然击败了百兽之王本人！
PROPQUEST_SCENARIO_INC_002876,Return to me if you emerge victorious against Beast King Khan.,如果你战胜了兽王可汗，就回来找我。
PROPQUEST_SCENARIO_INC_002877,Collect the Oversized Heart from Beast King Khan.,从兽王可汗身上获得巨人心脏。
PROPQUEST_SCENARIO_INC_002878,Flyff's 20 year anniversary,Flyff 20周年庆
PROPQUEST_SCENARIO_INC_002879,The Beginnings,最初的开始
PROPQUEST_SCENARIO_INC_002880,"Happy 20 year anniversary! Why don't you let me take you on a leisurely trip through a little history in celebration? As a reward, my mayor friends and I will reward you with a special glow.",20周年快乐！作为庆祝，何不让我带你悠闲地回顾一小段历史呢？作为奖励，我和市长朋友们会送你一份特别的光效。
PROPQUEST_SCENARIO_INC_002881,"The rest of the city mayors and I will guide you through some iconic Flyff experiences, and tell you about some milestones.",我和其他城市的市长们会带你重温一些Flyff的标志性体验，并为你讲述一些里程碑事件。
PROPQUEST_SCENARIO_INC_002882,"The first and biggest milestone this 20 year old game hit was the grand opening, this month 20 years ago in Japan!",这款20岁游戏迎来的第一个也是最重要的里程碑，就是20年前的这个月在日本的盛大开服！
PROPQUEST_SCENARIO_INC_002883,"As you might expect, the world of Madrigal looked quite different at that time... I was still a newly elected mayor! My only friends were the mayors of Saint City and Darken back then.",如你所料，那时的瑞加大陆样貌大不相同……我当时还是个新上任的市长！那时候我唯一的朋友就是晨光和达肯的市长。
PROPQUEST_SCENARIO_INC_002884,"You know, the only continents that were formed at that time were Flaris, Saint Morning, The Garden of Rhisis, and Darkon 1. If you'd like to see some pictures, check out the article on our website.",你知道吗，当时形成的大陆只有帕里、晨光、莱斯庭院和达肯1。想看照片的话，可以去我们官网看那篇文章。
PROPQUEST_SCENARIO_INC_002885,"Now, why don't you go kill some Aibatts for old time's sake and come back to me?",那么，何不去猎杀几只独眼蝠怀旧一下，然后回来找我呢？
PROPQUEST_SCENARIO_INC_002886,I'll be waiting!,我会等你的！
PROPQUEST_SCENARIO_INC_002887,"Well, that's a shame. Happy anniversary anyway!",唉，真遗憾。不过还是周年快乐！
PROPQUEST_SCENARIO_INC_002888,Nice! This is nostalgic... It's been a while since I've seen an Aibatt kill mission.,很好！真是让人怀念……我已经很久没见过猎杀独眼蝠的任务了。
PROPQUEST_SCENARIO_INC_002889,Go ahead and meet with the mayor of Saint City. He's a great storyteller.,去见见晨光市长吧。他讲故事可是一把好手。
PROPQUEST_SCENARIO_INC_002890,Kill the Aibatts the mayor of Flarine told you about.,消灭帕里镇长跟你说的那些独眼蝠。
PROPQUEST_SCENARIO_INC_002891,Hello there. My friend in Flarine said you'd be coming. Now... where was the story?,你好啊。我帕里的朋友说你会来。那么……故事讲到哪儿了？
PROPQUEST_SCENARIO_INC_002892,"Right. You just killed some Aibatts, and while that's something everyone is familiar with, there are some experiences that the veterans only know about.",对了。你刚刚消灭了几只独眼蝠，虽然这是大家都熟悉的体验，但有些经历只有老玩家才知道。
PROPQUEST_SCENARIO_INC_002893,"Were you around when you had to level your skills by using them?! Yep, different world back then.",你可曾经历过必须靠使用技能来提升技能等级的年代！？是啊，那时真是另一个世界。
PROPQUEST_SCENARIO_INC_002894,"Have you ever had to repair your weapon? Until the 9th version of Flyff, players like yourself had to repair their weapons over time...",你修理过武器吗？直到Flyff的第9个版本，像你这样的玩家都得时不时修理自己的武器……
PROPQUEST_SCENARIO_INC_002895,"As a matter of fact... I happen to have an 18 year old relic of mine which I never got to repair! My friend Bulrox used to love these things. Why don't you give it to him for me, as an Anniversary gift?",说起来……我正好有一件18年前的旧物，一直没有拿去修理！我的朋友布鲁克以前很喜欢这类东西。你何不替我把它送给他，当作周年礼物呢？
PROPQUEST_SCENARIO_INC_002896,"I hope he still has the equipment to repair it, it's a sentimental piece... After you give it to Bulrox, the mayor of Darken will have some more to tell you.",希望他还有修理它的工具，这东西对我很有纪念意义……交给布鲁克之后，达肯市长还有话要对你说。
PROPQUEST_SCENARIO_INC_002897,Ah. He probably doesn't have the equipment for it anymore anyway.,唉。反正他大概早就没有修理的工具了。
PROPQUEST_SCENARIO_INC_002898,"Wow! I never thought I'd see one of these in this condition again! This is an incredible gift for a weapons' master, I'll be spending all my time off work fixing this.",哇！真没想到还能再见到保存这么完好的一把！对一位武器大师来说，这是无与伦比的礼物，我要把所有的业余时间都花在修复它上面。
PROPQUEST_SCENARIO_INC_002899,"Deliver the broken Wooden Sword to Bulrox, as a gift from the mayor.",把破损的木剑交给布鲁克，作为市长送的礼物。
PROPQUEST_SCENARIO_INC_002900,An Old Gift From an Old Friend,老友的旧礼
PROPQUEST_SCENARIO_INC_002901,"Happy 20th to us! Now that we've looked back on the last 20 years, we arrive to today. Flyff Universe was launched in May of 2022, and brings Madrigal to many different corners of the world.",祝我们20周年快乐！回顾完过去20年，我们来到了今天。Flyff Universe于2022年5月上线，把瑞加大陆带到了世界的各个角落。
PROPQUEST_SCENARIO_INC_002902,"As we continue to appreciate Flyff and its memories over the next 20 years, why don't you do one final, iconic task for me?",在接下来的20年里，我们将继续珍视Flyff和它的回忆。那么，你何不为我再完成一个标志性的任务呢？
PROPQUEST_SCENARIO_INC_002903,"I want you to head back to flaris and speak with Mr. Flyff, right after you kill some Mothbees on your flying device!",我要你先骑着飞行器消灭一些苍翼蜂蛾，然后回帕里去找Flyff先生！
PROPQUEST_SCENARIO_INC_002904,He's waiting for you!,他在等你！
PROPQUEST_SCENARIO_INC_002905,"He's going to wait for another 20 years, no problem.",让他再等20年也没问题。
PROPQUEST_SCENARIO_INC_002906,"Welcome back! As promised, here's your token of participation, wear it proudly.",欢迎回来！如约奉上你的参与纪念徽章，请自豪地佩戴吧。
PROPQUEST_SCENARIO_INC_002907,"To The Skies, For Fun!",冲上云霄，只为乐趣！
PROPQUEST_SCENARIO_INC_002908,Kill the Mothbees and return to Mr. Flyff.,消灭苍翼蜂蛾，然后回到Flyff先生那里。
